識別番号,漢字,種類,異体字(表に含む)
1,亜,1. 常用漢字の通用字体,亞
2,哀,1. 常用漢字の通用字体,
3,挨,1. 常用漢字の通用字体,
4,愛,1. 常用漢字の通用字体,
5,曖,1. 常用漢字の通用字体,
6,悪,1. 常用漢字の通用字体,惡
7,握,1. 常用漢字の通用字体,
8,圧,1. 常用漢字の通用字体,
9,扱,1. 常用漢字の通用字体,
10,宛,1. 常用漢字の通用字体,
11,嵐,1. 常用漢字の通用字体,
12,安,1. 常用漢字の通用字体,
13,案,1. 常用漢字の通用字体,
14,暗,1. 常用漢字の通用字体,
15,以,1. 常用漢字の通用字体,
16,衣,1. 常用漢字の通用字体,
17,位,1. 常用漢字の通用字体,
18,囲,1. 常用漢字の通用字体,
19,医,1. 常用漢字の通用字体,
20,依,1. 常用漢字の通用字体,
21,委,1. 常用漢字の通用字体,
22,威,1. 常用漢字の通用字体,
23,為,1. 常用漢字の通用字体,爲
24,畏,1. 常用漢字の通用字体,
25,胃,1. 常用漢字の通用字体,
26,尉,1. 常用漢字の通用字体,
27,異,1. 常用漢字の通用字体,
28,移,1. 常用漢字の通用字体,
29,萎,1. 常用漢字の通用字体,
30,偉,1. 常用漢字の通用字体,
31,椅,1. 常用漢字の通用字体,
32,彙,1. 常用漢字の通用字体,
33,意,1. 常用漢字の通用字体,
34,違,1. 常用漢字の通用字体,
35,維,1. 常用漢字の通用字体,
36,慰,1. 常用漢字の通用字体,
37,遺,1. 常用漢字の通用字体,
38,緯,1. 常用漢字の通用字体,
39,域,1. 常用漢字の通用字体,
40,育,1. 常用漢字の通用字体,
41,一,1. 常用漢字の通用字体,
42,壱,1. 常用漢字の通用字体,
43,逸,1. 常用漢字の通用字体,逸
44,茨,1. 常用漢字の通用字体,
45,芋,1. 常用漢字の通用字体,
46,引,1. 常用漢字の通用字体,
47,印,1. 常用漢字の通用字体,
48,因,1. 常用漢字の通用字体,
49,咽,1. 常用漢字の通用字体,
50,姻,1. 常用漢字の通用字体,
51,員,1. 常用漢字の通用字体,
52,院,1. 常用漢字の通用字体,
53,淫,1. 常用漢字の通用字体,
54,陰,1. 常用漢字の通用字体,
55,飲,1. 常用漢字の通用字体,
56,隠,1. 常用漢字の通用字体,
57,韻,1. 常用漢字の通用字体,
58,右,1. 常用漢字の通用字体,
59,宇,1. 常用漢字の通用字体,
60,羽,1. 常用漢字の通用字体,
61,雨,1. 常用漢字の通用字体,
62,唄,1. 常用漢字の通用字体,
63,鬱,1. 常用漢字の通用字体,
64,畝,1. 常用漢字の通用字体,
65,浦,1. 常用漢字の通用字体,
66,運,1. 常用漢字の通用字体,
67,雲,1. 常用漢字の通用字体,
68,永,1. 常用漢字の通用字体,
69,泳,1. 常用漢字の通用字体,
70,英,1. 常用漢字の通用字体,
71,映,1. 常用漢字の通用字体,
72,栄,1. 常用漢字の通用字体,榮
73,営,1. 常用漢字の通用字体,
74,詠,1. 常用漢字の通用字体,
75,影,1. 常用漢字の通用字体,
76,鋭,1. 常用漢字の通用字体,
77,衛,1. 常用漢字の通用字体,衞
78,易,1. 常用漢字の通用字体,
79,疫,1. 常用漢字の通用字体,
80,益,1. 常用漢字の通用字体,
81,液,1. 常用漢字の通用字体,
82,駅,1. 常用漢字の通用字体,
83,悦,1. 常用漢字の通用字体,
84,越,1. 常用漢字の通用字体,
85,謁,1. 常用漢字の通用字体,謁
86,閲,1. 常用漢字の通用字体,
87,円,1. 常用漢字の通用字体,圓
88,延,1. 常用漢字の通用字体,
89,沿,1. 常用漢字の通用字体,
90,炎,1. 常用漢字の通用字体,
91,怨,1. 常用漢字の通用字体,
92,宴,1. 常用漢字の通用字体,
93,媛,1. 常用漢字の通用字体,
94,援,1. 常用漢字の通用字体,
95,園,1. 常用漢字の通用字体,薗
96,煙,1. 常用漢字の通用字体,
97,猿,1. 常用漢字の通用字体,
98,遠,1. 常用漢字の通用字体,
99,鉛,1. 常用漢字の通用字体,
100,塩,1. 常用漢字の通用字体,
101,演,1. 常用漢字の通用字体,
102,縁,1. 常用漢字の通用字体,緣
103,艶,1. 常用漢字の通用字体,
104,汚,1. 常用漢字の通用字体,
105,王,1. 常用漢字の通用字体,
106,凹,1. 常用漢字の通用字体,
107,央,1. 常用漢字の通用字体,
108,応,1. 常用漢字の通用字体,應
109,往,1. 常用漢字の通用字体,
110,押,1. 常用漢字の通用字体,
111,旺,1. 常用漢字の通用字体,
112,欧,1. 常用漢字の通用字体,
113,殴,1. 常用漢字の通用字体,
114,桜,1. 常用漢字の通用字体,櫻
115,翁,1. 常用漢字の通用字体,
116,奥,1. 常用漢字の通用字体,奧
117,横,1. 常用漢字の通用字体,橫
118,岡,1. 常用漢字の通用字体,
119,屋,1. 常用漢字の通用字体,
120,億,1. 常用漢字の通用字体,
121,憶,1. 常用漢字の通用字体,
122,臆,1. 常用漢字の通用字体,
123,虞,1. 常用漢字の通用字体,
124,乙,1. 常用漢字の通用字体,
125,俺,1. 常用漢字の通用字体,
126,卸,1. 常用漢字の通用字体,
127,音,1. 常用漢字の通用字体,
128,恩,1. 常用漢字の通用字体,
129,温,1. 常用漢字の通用字体,溫
130,穏,1. 常用漢字の通用字体,
131,下,1. 常用漢字の通用字体,
132,化,1. 常用漢字の通用字体,
133,火,1. 常用漢字の通用字体,
134,加,1. 常用漢字の通用字体,
135,可,1. 常用漢字の通用字体,
136,仮,1. 常用漢字の通用字体,
137,何,1. 常用漢字の通用字体,
138,花,1. 常用漢字の通用字体,
139,佳,1. 常用漢字の通用字体,
140,価,1. 常用漢字の通用字体,價
141,果,1. 常用漢字の通用字体,
142,河,1. 常用漢字の通用字体,
143,苛,1. 常用漢字の通用字体,
144,科,1. 常用漢字の通用字体,
145,架,1. 常用漢字の通用字体,
146,夏,1. 常用漢字の通用字体,
147,家,1. 常用漢字の通用字体,
148,荷,1. 常用漢字の通用字体,
149,華,1. 常用漢字の通用字体,
150,菓,1. 常用漢字の通用字体,
151,貨,1. 常用漢字の通用字体,
152,渦,1. 常用漢字の通用字体,
153,過,1. 常用漢字の通用字体,
154,嫁,1. 常用漢字の通用字体,
155,暇,1. 常用漢字の通用字体,
156,禍,1. 常用漢字の通用字体,禍
157,靴,1. 常用漢字の通用字体,
158,寡,1. 常用漢字の通用字体,
159,歌,1. 常用漢字の通用字体,
160,箇,1. 常用漢字の通用字体,
161,稼,1. 常用漢字の通用字体,
162,課,1. 常用漢字の通用字体,
163,蚊,1. 常用漢字の通用字体,
164,牙,1. 常用漢字の通用字体,
165,瓦,1. 常用漢字の通用字体,
166,我,1. 常用漢字の通用字体,
167,画,1. 常用漢字の通用字体,
168,芽,1. 常用漢字の通用字体,
169,賀,1. 常用漢字の通用字体,
170,雅,1. 常用漢字の通用字体,
171,餓,1. 常用漢字の通用字体,
172,介,1. 常用漢字の通用字体,
173,回,1. 常用漢字の通用字体,
174,灰,1. 常用漢字の通用字体,
175,会,1. 常用漢字の通用字体,
176,快,1. 常用漢字の通用字体,
177,戒,1. 常用漢字の通用字体,
178,改,1. 常用漢字の通用字体,
179,怪,1. 常用漢字の通用字体,
180,拐,1. 常用漢字の通用字体,
181,悔,1. 常用漢字の通用字体,悔
182,海,1. 常用漢字の通用字体,海
183,界,1. 常用漢字の通用字体,
184,皆,1. 常用漢字の通用字体,
185,械,1. 常用漢字の通用字体,
186,絵,1. 常用漢字の通用字体,
187,開,1. 常用漢字の通用字体,
188,階,1. 常用漢字の通用字体,
189,塊,1. 常用漢字の通用字体,
190,楷,1. 常用漢字の通用字体,
191,解,1. 常用漢字の通用字体,
192,潰,1. 常用漢字の通用字体,
193,壊,1. 常用漢字の通用字体,壞
194,懐,1. 常用漢字の通用字体,懷
195,諧,1. 常用漢字の通用字体,
196,貝,1. 常用漢字の通用字体,
197,外,1. 常用漢字の通用字体,
198,劾,1. 常用漢字の通用字体,
199,害,1. 常用漢字の通用字体,
200,崖,1. 常用漢字の通用字体,
201,涯,1. 常用漢字の通用字体,
202,街,1. 常用漢字の通用字体,
203,慨,1. 常用漢字の通用字体,
204,蓋,1. 常用漢字の通用字体,
205,該,1. 常用漢字の通用字体,
206,概,1. 常用漢字の通用字体,
207,骸,1. 常用漢字の通用字体,
208,垣,1. 常用漢字の通用字体,
209,柿,1. 常用漢字の通用字体,
210,各,1. 常用漢字の通用字体,
211,角,1. 常用漢字の通用字体,
212,拡,1. 常用漢字の通用字体,
213,革,1. 常用漢字の通用字体,
214,格,1. 常用漢字の通用字体,
215,核,1. 常用漢字の通用字体,
216,殻,1. 常用漢字の通用字体,
217,郭,1. 常用漢字の通用字体,
218,覚,1. 常用漢字の通用字体,
219,較,1. 常用漢字の通用字体,
220,隔,1. 常用漢字の通用字体,
221,閣,1. 常用漢字の通用字体,
222,確,1. 常用漢字の通用字体,
223,獲,1. 常用漢字の通用字体,
224,嚇,1. 常用漢字の通用字体,
225,穫,1. 常用漢字の通用字体,
226,学,1. 常用漢字の通用字体,
227,岳,1. 常用漢字の通用字体,
228,楽,1. 常用漢字の通用字体,樂
229,額,1. 常用漢字の通用字体,
230,顎,1. 常用漢字の通用字体,
231,掛,1. 常用漢字の通用字体,
232,潟,1. 常用漢字の通用字体,
233,括,1. 常用漢字の通用字体,
234,活,1. 常用漢字の通用字体,
235,喝,1. 常用漢字の通用字体,
236,渇,1. 常用漢字の通用字体,渴
237,割,1. 常用漢字の通用字体,
238,葛,1. 常用漢字の通用字体,
239,滑,1. 常用漢字の通用字体,
240,褐,1. 常用漢字の通用字体,
241,轄,1. 常用漢字の通用字体,
242,且,1. 常用漢字の通用字体,
243,株,1. 常用漢字の通用字体,
244,釜,1. 常用漢字の通用字体,
245,鎌,1. 常用漢字の通用字体,
246,刈,1. 常用漢字の通用字体,
247,干,1. 常用漢字の通用字体,
248,刊,1. 常用漢字の通用字体,
249,甘,1. 常用漢字の通用字体,
250,汗,1. 常用漢字の通用字体,
251,缶,1. 常用漢字の通用字体,
252,完,1. 常用漢字の通用字体,
253,肝,1. 常用漢字の通用字体,
254,官,1. 常用漢字の通用字体,
255,冠,1. 常用漢字の通用字体,
256,巻,1. 常用漢字の通用字体,卷
257,看,1. 常用漢字の通用字体,
258,陥,1. 常用漢字の通用字体,陷
259,乾,1. 常用漢字の通用字体,
260,勘,1. 常用漢字の通用字体,
261,患,1. 常用漢字の通用字体,
262,貫,1. 常用漢字の通用字体,
263,寒,1. 常用漢字の通用字体,
264,喚,1. 常用漢字の通用字体,
265,堪,1. 常用漢字の通用字体,
266,換,1. 常用漢字の通用字体,
267,敢,1. 常用漢字の通用字体,
268,棺,1. 常用漢字の通用字体,
269,款,1. 常用漢字の通用字体,
270,間,1. 常用漢字の通用字体,
271,閑,1. 常用漢字の通用字体,
272,勧,1. 常用漢字の通用字体,
273,寛,1. 常用漢字の通用字体,寬
274,幹,1. 常用漢字の通用字体,
275,感,1. 常用漢字の通用字体,
276,漢,1. 常用漢字の通用字体,漢
277,慣,1. 常用漢字の通用字体,
278,管,1. 常用漢字の通用字体,
279,関,1. 常用漢字の通用字体,
280,歓,1. 常用漢字の通用字体,
281,監,1. 常用漢字の通用字体,
282,緩,1. 常用漢字の通用字体,
283,憾,1. 常用漢字の通用字体,
284,還,1. 常用漢字の通用字体,
285,館,1. 常用漢字の通用字体,
286,環,1. 常用漢字の通用字体,
287,簡,1. 常用漢字の通用字体,
288,観,1. 常用漢字の通用字体,
289,韓,1. 常用漢字の通用字体,
290,艦,1. 常用漢字の通用字体,
291,鑑,1. 常用漢字の通用字体,
292,丸,1. 常用漢字の通用字体,
293,含,1. 常用漢字の通用字体,
294,岸,1. 常用漢字の通用字体,
295,岩,1. 常用漢字の通用字体,
296,玩,1. 常用漢字の通用字体,
297,眼,1. 常用漢字の通用字体,
298,頑,1. 常用漢字の通用字体,
299,顔,1. 常用漢字の通用字体,
300,願,1. 常用漢字の通用字体,
301,企,1. 常用漢字の通用字体,
302,伎,1. 常用漢字の通用字体,
303,危,1. 常用漢字の通用字体,
304,机,1. 常用漢字の通用字体,
305,気,1. 常用漢字の通用字体,氣
306,岐,1. 常用漢字の通用字体,
307,希,1. 常用漢字の通用字体,
308,忌,1. 常用漢字の通用字体,
309,汽,1. 常用漢字の通用字体,
310,奇,1. 常用漢字の通用字体,
311,祈,1. 常用漢字の通用字体,祈
312,季,1. 常用漢字の通用字体,
313,紀,1. 常用漢字の通用字体,
314,軌,1. 常用漢字の通用字体,
315,既,1. 常用漢字の通用字体,
316,記,1. 常用漢字の通用字体,
317,起,1. 常用漢字の通用字体,
318,飢,1. 常用漢字の通用字体,
319,鬼,1. 常用漢字の通用字体,
320,帰,1. 常用漢字の通用字体,
321,基,1. 常用漢字の通用字体,
322,寄,1. 常用漢字の通用字体,
323,規,1. 常用漢字の通用字体,
324,亀,1. 常用漢字の通用字体,
325,喜,1. 常用漢字の通用字体,
326,幾,1. 常用漢字の通用字体,
327,揮,1. 常用漢字の通用字体,
328,期,1. 常用漢字の通用字体,
329,棋,1. 常用漢字の通用字体,
330,貴,1. 常用漢字の通用字体,
331,棄,1. 常用漢字の通用字体,
332,毀,1. 常用漢字の通用字体,
333,旗,1. 常用漢字の通用字体,
334,器,1. 常用漢字の通用字体,器
335,畿,1. 常用漢字の通用字体,
336,輝,1. 常用漢字の通用字体,
337,機,1. 常用漢字の通用字体,
338,騎,1. 常用漢字の通用字体,
339,技,1. 常用漢字の通用字体,
340,宜,1. 常用漢字の通用字体,
341,偽,1. 常用漢字の通用字体,僞
342,欺,1. 常用漢字の通用字体,
343,義,1. 常用漢字の通用字体,
344,疑,1. 常用漢字の通用字体,
345,儀,1. 常用漢字の通用字体,
346,戯,1. 常用漢字の通用字体,戲
347,擬,1. 常用漢字の通用字体,
348,犠,1. 常用漢字の通用字体,
349,議,1. 常用漢字の通用字体,
350,菊,1. 常用漢字の通用字体,
351,吉,1. 常用漢字の通用字体,
352,喫,1. 常用漢字の通用字体,
353,詰,1. 常用漢字の通用字体,
354,却,1. 常用漢字の通用字体,
355,客,1. 常用漢字の通用字体,
356,脚,1. 常用漢字の通用字体,
357,逆,1. 常用漢字の通用字体,
358,虐,1. 常用漢字の通用字体,
359,九,1. 常用漢字の通用字体,
360,久,1. 常用漢字の通用字体,
361,及,1. 常用漢字の通用字体,
362,弓,1. 常用漢字の通用字体,
363,丘,1. 常用漢字の通用字体,
364,旧,1. 常用漢字の通用字体,
365,休,1. 常用漢字の通用字体,
366,吸,1. 常用漢字の通用字体,
367,朽,1. 常用漢字の通用字体,
368,臼,1. 常用漢字の通用字体,
369,求,1. 常用漢字の通用字体,
370,究,1. 常用漢字の通用字体,
371,泣,1. 常用漢字の通用字体,
372,急,1. 常用漢字の通用字体,
373,級,1. 常用漢字の通用字体,
374,糾,1. 常用漢字の通用字体,
375,宮,1. 常用漢字の通用字体,
376,救,1. 常用漢字の通用字体,
377,球,1. 常用漢字の通用字体,
378,給,1. 常用漢字の通用字体,
379,嗅,1. 常用漢字の通用字体,
380,窮,1. 常用漢字の通用字体,
381,牛,1. 常用漢字の通用字体,
382,去,1. 常用漢字の通用字体,
383,巨,1. 常用漢字の通用字体,
384,居,1. 常用漢字の通用字体,
385,拒,1. 常用漢字の通用字体,
386,拠,1. 常用漢字の通用字体,
387,挙,1. 常用漢字の通用字体,
388,虚,1. 常用漢字の通用字体,虛
389,許,1. 常用漢字の通用字体,
390,距,1. 常用漢字の通用字体,
391,魚,1. 常用漢字の通用字体,
392,御,1. 常用漢字の通用字体,
393,漁,1. 常用漢字の通用字体,
394,凶,1. 常用漢字の通用字体,
395,共,1. 常用漢字の通用字体,
396,叫,1. 常用漢字の通用字体,
397,狂,1. 常用漢字の通用字体,
398,京,1. 常用漢字の通用字体,
399,享,1. 常用漢字の通用字体,
400,供,1. 常用漢字の通用字体,
401,協,1. 常用漢字の通用字体,
402,況,1. 常用漢字の通用字体,
403,峡,1. 常用漢字の通用字体,峽
404,挟,1. 常用漢字の通用字体,
405,狭,1. 常用漢字の通用字体,狹
406,恐,1. 常用漢字の通用字体,
407,恭,1. 常用漢字の通用字体,
408,胸,1. 常用漢字の通用字体,
409,脅,1. 常用漢字の通用字体,
410,強,1. 常用漢字の通用字体,
411,教,1. 常用漢字の通用字体,
412,郷,1. 常用漢字の通用字体,
413,境,1. 常用漢字の通用字体,
414,橋,1. 常用漢字の通用字体,
415,矯,1. 常用漢字の通用字体,
416,鏡,1. 常用漢字の通用字体,
417,競,1. 常用漢字の通用字体,
418,響,1. 常用漢字の通用字体,響
419,驚,1. 常用漢字の通用字体,
420,仰,1. 常用漢字の通用字体,
421,暁,1. 常用漢字の通用字体,曉
422,業,1. 常用漢字の通用字体,
423,凝,1. 常用漢字の通用字体,
424,曲,1. 常用漢字の通用字体,
425,局,1. 常用漢字の通用字体,
426,極,1. 常用漢字の通用字体,
427,玉,1. 常用漢字の通用字体,
428,巾,1. 常用漢字の通用字体,
429,斤,1. 常用漢字の通用字体,
430,均,1. 常用漢字の通用字体,
431,近,1. 常用漢字の通用字体,
432,金,1. 常用漢字の通用字体,
433,菌,1. 常用漢字の通用字体,
434,勤,1. 常用漢字の通用字体,勤
435,琴,1. 常用漢字の通用字体,
436,筋,1. 常用漢字の通用字体,
437,僅,1. 常用漢字の通用字体,
438,禁,1. 常用漢字の通用字体,
439,緊,1. 常用漢字の通用字体,
440,錦,1. 常用漢字の通用字体,
441,謹,1. 常用漢字の通用字体,謹
442,襟,1. 常用漢字の通用字体,
443,吟,1. 常用漢字の通用字体,
444,銀,1. 常用漢字の通用字体,
445,区,1. 常用漢字の通用字体,
446,句,1. 常用漢字の通用字体,
447,苦,1. 常用漢字の通用字体,
448,駆,1. 常用漢字の通用字体,駈
449,具,1. 常用漢字の通用字体,
450,惧,1. 常用漢字の通用字体,
451,愚,1. 常用漢字の通用字体,
452,空,1. 常用漢字の通用字体,
453,偶,1. 常用漢字の通用字体,
454,遇,1. 常用漢字の通用字体,
455,隅,1. 常用漢字の通用字体,
456,串,1. 常用漢字の通用字体,
457,屈,1. 常用漢字の通用字体,
458,掘,1. 常用漢字の通用字体,
459,窟,1. 常用漢字の通用字体,
460,熊,1. 常用漢字の通用字体,
461,繰,1. 常用漢字の通用字体,
462,君,1. 常用漢字の通用字体,
463,訓,1. 常用漢字の通用字体,
464,勲,1. 常用漢字の通用字体,勳
465,薫,1. 常用漢字の通用字体,薰
466,軍,1. 常用漢字の通用字体,
467,郡,1. 常用漢字の通用字体,
468,群,1. 常用漢字の通用字体,
469,兄,1. 常用漢字の通用字体,
470,刑,1. 常用漢字の通用字体,
471,形,1. 常用漢字の通用字体,
472,系,1. 常用漢字の通用字体,
473,径,1. 常用漢字の通用字体,
474,茎,1. 常用漢字の通用字体,
475,係,1. 常用漢字の通用字体,
476,型,1. 常用漢字の通用字体,
477,契,1. 常用漢字の通用字体,
478,計,1. 常用漢字の通用字体,
479,恵,1. 常用漢字の通用字体,惠
480,啓,1. 常用漢字の通用字体,
481,掲,1. 常用漢字の通用字体,揭
482,渓,1. 常用漢字の通用字体,
483,経,1. 常用漢字の通用字体,
484,蛍,1. 常用漢字の通用字体,
485,敬,1. 常用漢字の通用字体,
486,景,1. 常用漢字の通用字体,
487,軽,1. 常用漢字の通用字体,
488,傾,1. 常用漢字の通用字体,
489,携,1. 常用漢字の通用字体,
490,継,1. 常用漢字の通用字体,
491,詣,1. 常用漢字の通用字体,
492,慶,1. 常用漢字の通用字体,
493,憬,1. 常用漢字の通用字体,
494,稽,1. 常用漢字の通用字体,
495,憩,1. 常用漢字の通用字体,
496,警,1. 常用漢字の通用字体,
497,鶏,1. 常用漢字の通用字体,鷄
498,芸,1. 常用漢字の通用字体,藝
499,迎,1. 常用漢字の通用字体,
500,鯨,1. 常用漢字の通用字体,
501,隙,1. 常用漢字の通用字体,
502,劇,1. 常用漢字の通用字体,
503,撃,1. 常用漢字の通用字体,擊
504,激,1. 常用漢字の通用字体,
505,桁,1. 常用漢字の通用字体,
506,欠,1. 常用漢字の通用字体,
507,穴,1. 常用漢字の通用字体,
508,血,1. 常用漢字の通用字体,
509,決,1. 常用漢字の通用字体,
510,結,1. 常用漢字の通用字体,
511,傑,1. 常用漢字の通用字体,
512,潔,1. 常用漢字の通用字体,
513,月,1. 常用漢字の通用字体,
514,犬,1. 常用漢字の通用字体,
515,件,1. 常用漢字の通用字体,
516,見,1. 常用漢字の通用字体,
517,券,1. 常用漢字の通用字体,
518,肩,1. 常用漢字の通用字体,
519,建,1. 常用漢字の通用字体,
520,研,1. 常用漢字の通用字体,
521,県,1. 常用漢字の通用字体,縣
522,倹,1. 常用漢字の通用字体,儉
523,兼,1. 常用漢字の通用字体,
524,剣,1. 常用漢字の通用字体,劍
525,拳,1. 常用漢字の通用字体,
526,軒,1. 常用漢字の通用字体,
527,健,1. 常用漢字の通用字体,
528,険,1. 常用漢字の通用字体,險
529,圏,1. 常用漢字の通用字体,圈
530,堅,1. 常用漢字の通用字体,
531,検,1. 常用漢字の通用字体,檢
532,嫌,1. 常用漢字の通用字体,
533,献,1. 常用漢字の通用字体,
534,絹,1. 常用漢字の通用字体,
535,遣,1. 常用漢字の通用字体,
536,権,1. 常用漢字の通用字体,
537,憲,1. 常用漢字の通用字体,
538,賢,1. 常用漢字の通用字体,
539,謙,1. 常用漢字の通用字体,
540,鍵,1. 常用漢字の通用字体,
541,繭,1. 常用漢字の通用字体,
542,顕,1. 常用漢字の通用字体,顯
543,験,1. 常用漢字の通用字体,驗
544,懸,1. 常用漢字の通用字体,
545,元,1. 常用漢字の通用字体,
546,幻,1. 常用漢字の通用字体,
547,玄,1. 常用漢字の通用字体,
548,言,1. 常用漢字の通用字体,
549,弦,1. 常用漢字の通用字体,
550,限,1. 常用漢字の通用字体,
551,原,1. 常用漢字の通用字体,
552,現,1. 常用漢字の通用字体,
553,舷,1. 常用漢字の通用字体,
554,減,1. 常用漢字の通用字体,
555,源,1. 常用漢字の通用字体,
556,厳,1. 常用漢字の通用字体,嚴
557,己,1. 常用漢字の通用字体,
558,戸,1. 常用漢字の通用字体,
559,古,1. 常用漢字の通用字体,
560,呼,1. 常用漢字の通用字体,
561,固,1. 常用漢字の通用字体,
562,股,1. 常用漢字の通用字体,
563,虎,1. 常用漢字の通用字体,
564,孤,1. 常用漢字の通用字体,
565,弧,1. 常用漢字の通用字体,
566,故,1. 常用漢字の通用字体,
567,枯,1. 常用漢字の通用字体,
568,個,1. 常用漢字の通用字体,
569,庫,1. 常用漢字の通用字体,
570,湖,1. 常用漢字の通用字体,
571,雇,1. 常用漢字の通用字体,
572,誇,1. 常用漢字の通用字体,
573,鼓,1. 常用漢字の通用字体,
574,錮,1. 常用漢字の通用字体,
575,顧,1. 常用漢字の通用字体,
576,五,1. 常用漢字の通用字体,
577,互,1. 常用漢字の通用字体,
578,午,1. 常用漢字の通用字体,
579,呉,1. 常用漢字の通用字体,
580,後,1. 常用漢字の通用字体,
581,娯,1. 常用漢字の通用字体,
582,悟,1. 常用漢字の通用字体,
583,碁,1. 常用漢字の通用字体,
584,語,1. 常用漢字の通用字体,
585,誤,1. 常用漢字の通用字体,
586,護,1. 常用漢字の通用字体,
587,口,1. 常用漢字の通用字体,
588,工,1. 常用漢字の通用字体,
589,公,1. 常用漢字の通用字体,
590,勾,1. 常用漢字の通用字体,
591,孔,1. 常用漢字の通用字体,
592,功,1. 常用漢字の通用字体,
593,巧,1. 常用漢字の通用字体,
594,広,1. 常用漢字の通用字体,廣
595,甲,1. 常用漢字の通用字体,
596,交,1. 常用漢字の通用字体,
597,光,1. 常用漢字の通用字体,
598,向,1. 常用漢字の通用字体,
599,后,1. 常用漢字の通用字体,
600,好,1. 常用漢字の通用字体,
601,江,1. 常用漢字の通用字体,
602,考,1. 常用漢字の通用字体,
603,行,1. 常用漢字の通用字体,
604,坑,1. 常用漢字の通用字体,
605,孝,1. 常用漢字の通用字体,
606,抗,1. 常用漢字の通用字体,
607,攻,1. 常用漢字の通用字体,
608,更,1. 常用漢字の通用字体,
609,効,1. 常用漢字の通用字体,
610,幸,1. 常用漢字の通用字体,
611,拘,1. 常用漢字の通用字体,
612,肯,1. 常用漢字の通用字体,
613,侯,1. 常用漢字の通用字体,
614,厚,1. 常用漢字の通用字体,
615,恒,1. 常用漢字の通用字体,恆
616,洪,1. 常用漢字の通用字体,
617,皇,1. 常用漢字の通用字体,
618,紅,1. 常用漢字の通用字体,
619,荒,1. 常用漢字の通用字体,
620,郊,1. 常用漢字の通用字体,
621,香,1. 常用漢字の通用字体,
622,候,1. 常用漢字の通用字体,
623,校,1. 常用漢字の通用字体,
624,耕,1. 常用漢字の通用字体,
625,航,1. 常用漢字の通用字体,
626,貢,1. 常用漢字の通用字体,
627,降,1. 常用漢字の通用字体,
628,高,1. 常用漢字の通用字体,
629,康,1. 常用漢字の通用字体,
630,控,1. 常用漢字の通用字体,
631,梗,1. 常用漢字の通用字体,
632,黄,1. 常用漢字の通用字体,黃
633,喉,1. 常用漢字の通用字体,
634,慌,1. 常用漢字の通用字体,
635,港,1. 常用漢字の通用字体,
636,硬,1. 常用漢字の通用字体,
637,絞,1. 常用漢字の通用字体,
638,項,1. 常用漢字の通用字体,
639,溝,1. 常用漢字の通用字体,
640,鉱,1. 常用漢字の通用字体,
641,構,1. 常用漢字の通用字体,
642,綱,1. 常用漢字の通用字体,
643,酵,1. 常用漢字の通用字体,
644,稿,1. 常用漢字の通用字体,
645,興,1. 常用漢字の通用字体,
646,衡,1. 常用漢字の通用字体,
647,鋼,1. 常用漢字の通用字体,
648,講,1. 常用漢字の通用字体,
649,購,1. 常用漢字の通用字体,
650,乞,1. 常用漢字の通用字体,
651,号,1. 常用漢字の通用字体,
652,合,1. 常用漢字の通用字体,
653,拷,1. 常用漢字の通用字体,
654,剛,1. 常用漢字の通用字体,
655,傲,1. 常用漢字の通用字体,
656,豪,1. 常用漢字の通用字体,
657,克,1. 常用漢字の通用字体,
658,告,1. 常用漢字の通用字体,
659,谷,1. 常用漢字の通用字体,
660,刻,1. 常用漢字の通用字体,
661,国,1. 常用漢字の通用字体,國
662,黒,1. 常用漢字の通用字体,黑
663,穀,1. 常用漢字の通用字体,穀
664,酷,1. 常用漢字の通用字体,
665,獄,1. 常用漢字の通用字体,
666,骨,1. 常用漢字の通用字体,
667,駒,1. 常用漢字の通用字体,
668,込,1. 常用漢字の通用字体,
669,頃,1. 常用漢字の通用字体,
670,今,1. 常用漢字の通用字体,
671,困,1. 常用漢字の通用字体,
672,昆,1. 常用漢字の通用字体,
673,恨,1. 常用漢字の通用字体,
674,根,1. 常用漢字の通用字体,
675,婚,1. 常用漢字の通用字体,
676,混,1. 常用漢字の通用字体,
677,痕,1. 常用漢字の通用字体,
678,紺,1. 常用漢字の通用字体,
679,魂,1. 常用漢字の通用字体,
680,墾,1. 常用漢字の通用字体,
681,懇,1. 常用漢字の通用字体,
682,左,1. 常用漢字の通用字体,
683,佐,1. 常用漢字の通用字体,
684,沙,1. 常用漢字の通用字体,
685,査,1. 常用漢字の通用字体,
686,砂,1. 常用漢字の通用字体,
687,唆,1. 常用漢字の通用字体,
688,差,1. 常用漢字の通用字体,
689,詐,1. 常用漢字の通用字体,
690,鎖,1. 常用漢字の通用字体,
691,座,1. 常用漢字の通用字体,
692,挫,1. 常用漢字の通用字体,
693,才,1. 常用漢字の通用字体,
694,再,1. 常用漢字の通用字体,
695,災,1. 常用漢字の通用字体,
696,妻,1. 常用漢字の通用字体,
697,采,1. 常用漢字の通用字体,
698,砕,1. 常用漢字の通用字体,碎
699,宰,1. 常用漢字の通用字体,
700,栽,1. 常用漢字の通用字体,
701,彩,1. 常用漢字の通用字体,
702,採,1. 常用漢字の通用字体,
703,済,1. 常用漢字の通用字体,
704,祭,1. 常用漢字の通用字体,
705,斎,1. 常用漢字の通用字体,
706,細,1. 常用漢字の通用字体,
707,菜,1. 常用漢字の通用字体,
708,最,1. 常用漢字の通用字体,
709,裁,1. 常用漢字の通用字体,
710,債,1. 常用漢字の通用字体,
711,催,1. 常用漢字の通用字体,
712,塞,1. 常用漢字の通用字体,
713,歳,1. 常用漢字の通用字体,
714,載,1. 常用漢字の通用字体,
715,際,1. 常用漢字の通用字体,
716,埼,1. 常用漢字の通用字体,
717,在,1. 常用漢字の通用字体,
718,材,1. 常用漢字の通用字体,
719,剤,1. 常用漢字の通用字体,
720,財,1. 常用漢字の通用字体,
721,罪,1. 常用漢字の通用字体,
722,崎,1. 常用漢字の通用字体,
723,作,1. 常用漢字の通用字体,
724,削,1. 常用漢字の通用字体,
725,昨,1. 常用漢字の通用字体,
726,柵,1. 常用漢字の通用字体,
727,索,1. 常用漢字の通用字体,
728,策,1. 常用漢字の通用字体,
729,酢,1. 常用漢字の通用字体,
730,搾,1. 常用漢字の通用字体,
731,錯,1. 常用漢字の通用字体,
732,咲,1. 常用漢字の通用字体,
733,冊,1. 常用漢字の通用字体,
734,札,1. 常用漢字の通用字体,
735,刷,1. 常用漢字の通用字体,
736,刹,1. 常用漢字の通用字体,
737,拶,1. 常用漢字の通用字体,
738,殺,1. 常用漢字の通用字体,
739,察,1. 常用漢字の通用字体,
740,撮,1. 常用漢字の通用字体,
741,擦,1. 常用漢字の通用字体,
742,雑,1. 常用漢字の通用字体,雜
743,皿,1. 常用漢字の通用字体,
744,三,1. 常用漢字の通用字体,
745,山,1. 常用漢字の通用字体,
746,参,1. 常用漢字の通用字体,
747,桟,1. 常用漢字の通用字体,
748,蚕,1. 常用漢字の通用字体,
749,惨,1. 常用漢字の通用字体,
750,産,1. 常用漢字の通用字体,
751,傘,1. 常用漢字の通用字体,
752,散,1. 常用漢字の通用字体,
753,算,1. 常用漢字の通用字体,
754,酸,1. 常用漢字の通用字体,
755,賛,1. 常用漢字の通用字体,
756,残,1. 常用漢字の通用字体,
757,斬,1. 常用漢字の通用字体,
758,暫,1. 常用漢字の通用字体,
759,士,1. 常用漢字の通用字体,
760,子,1. 常用漢字の通用字体,
761,支,1. 常用漢字の通用字体,
762,止,1. 常用漢字の通用字体,
763,氏,1. 常用漢字の通用字体,
764,仕,1. 常用漢字の通用字体,
765,史,1. 常用漢字の通用字体,
766,司,1. 常用漢字の通用字体,
767,四,1. 常用漢字の通用字体,
768,市,1. 常用漢字の通用字体,
769,矢,1. 常用漢字の通用字体,
770,旨,1. 常用漢字の通用字体,
771,死,1. 常用漢字の通用字体,
772,糸,1. 常用漢字の通用字体,
773,至,1. 常用漢字の通用字体,
774,伺,1. 常用漢字の通用字体,
775,志,1. 常用漢字の通用字体,
776,私,1. 常用漢字の通用字体,
777,使,1. 常用漢字の通用字体,
778,刺,1. 常用漢字の通用字体,
779,始,1. 常用漢字の通用字体,
780,姉,1. 常用漢字の通用字体,
781,枝,1. 常用漢字の通用字体,
782,祉,1. 常用漢字の通用字体,祉
783,肢,1. 常用漢字の通用字体,
784,姿,1. 常用漢字の通用字体,
785,思,1. 常用漢字の通用字体,
786,指,1. 常用漢字の通用字体,
787,施,1. 常用漢字の通用字体,
788,師,1. 常用漢字の通用字体,
789,恣,1. 常用漢字の通用字体,
790,紙,1. 常用漢字の通用字体,
791,脂,1. 常用漢字の通用字体,
792,視,1. 常用漢字の通用字体,視
793,紫,1. 常用漢字の通用字体,
794,詞,1. 常用漢字の通用字体,
795,歯,1. 常用漢字の通用字体,
796,嗣,1. 常用漢字の通用字体,
797,試,1. 常用漢字の通用字体,
798,詩,1. 常用漢字の通用字体,
799,資,1. 常用漢字の通用字体,
800,飼,1. 常用漢字の通用字体,
801,誌,1. 常用漢字の通用字体,
802,雌,1. 常用漢字の通用字体,
803,摯,1. 常用漢字の通用字体,
804,賜,1. 常用漢字の通用字体,
805,諮,1. 常用漢字の通用字体,
806,示,1. 常用漢字の通用字体,
807,字,1. 常用漢字の通用字体,
808,寺,1. 常用漢字の通用字体,
809,次,1. 常用漢字の通用字体,
810,耳,1. 常用漢字の通用字体,
811,自,1. 常用漢字の通用字体,
812,似,1. 常用漢字の通用字体,
813,児,1. 常用漢字の通用字体,兒
814,事,1. 常用漢字の通用字体,
815,侍,1. 常用漢字の通用字体,
816,治,1. 常用漢字の通用字体,
817,持,1. 常用漢字の通用字体,
818,時,1. 常用漢字の通用字体,
819,滋,1. 常用漢字の通用字体,
820,慈,1. 常用漢字の通用字体,
821,辞,1. 常用漢字の通用字体,
822,磁,1. 常用漢字の通用字体,
823,餌,1. 常用漢字の通用字体,
824,璽,1. 常用漢字の通用字体,
825,鹿,1. 常用漢字の通用字体,
826,式,1. 常用漢字の通用字体,
827,識,1. 常用漢字の通用字体,
828,軸,1. 常用漢字の通用字体,
829,七,1. 常用漢字の通用字体,
830,𠮟,1. 常用漢字の通用字体,
831,失,1. 常用漢字の通用字体,
832,室,1. 常用漢字の通用字体,
833,疾,1. 常用漢字の通用字体,
834,執,1. 常用漢字の通用字体,
835,湿,1. 常用漢字の通用字体,濕
836,嫉,1. 常用漢字の通用字体,
837,漆,1. 常用漢字の通用字体,
838,質,1. 常用漢字の通用字体,
839,実,1. 常用漢字の通用字体,實
840,芝,1. 常用漢字の通用字体,
841,写,1. 常用漢字の通用字体,
842,社,1. 常用漢字の通用字体,社
843,車,1. 常用漢字の通用字体,
844,舎,1. 常用漢字の通用字体,
845,者,1. 常用漢字の通用字体,者
846,射,1. 常用漢字の通用字体,
847,捨,1. 常用漢字の通用字体,
848,赦,1. 常用漢字の通用字体,
849,斜,1. 常用漢字の通用字体,
850,煮,1. 常用漢字の通用字体,煮
851,遮,1. 常用漢字の通用字体,
852,謝,1. 常用漢字の通用字体,
853,邪,1. 常用漢字の通用字体,
854,蛇,1. 常用漢字の通用字体,
855,尺,1. 常用漢字の通用字体,
856,借,1. 常用漢字の通用字体,
857,酌,1. 常用漢字の通用字体,
858,釈,1. 常用漢字の通用字体,
859,爵,1. 常用漢字の通用字体,
860,若,1. 常用漢字の通用字体,
861,弱,1. 常用漢字の通用字体,
862,寂,1. 常用漢字の通用字体,
863,手,1. 常用漢字の通用字体,
864,主,1. 常用漢字の通用字体,
865,守,1. 常用漢字の通用字体,
866,朱,1. 常用漢字の通用字体,
867,取,1. 常用漢字の通用字体,
868,狩,1. 常用漢字の通用字体,
869,首,1. 常用漢字の通用字体,
870,殊,1. 常用漢字の通用字体,
871,珠,1. 常用漢字の通用字体,
872,酒,1. 常用漢字の通用字体,
873,腫,1. 常用漢字の通用字体,
874,種,1. 常用漢字の通用字体,
875,趣,1. 常用漢字の通用字体,
876,寿,1. 常用漢字の通用字体,壽
877,受,1. 常用漢字の通用字体,
878,呪,1. 常用漢字の通用字体,
879,授,1. 常用漢字の通用字体,
880,需,1. 常用漢字の通用字体,
881,儒,1. 常用漢字の通用字体,
882,樹,1. 常用漢字の通用字体,
883,収,1. 常用漢字の通用字体,收
884,囚,1. 常用漢字の通用字体,
885,州,1. 常用漢字の通用字体,
886,舟,1. 常用漢字の通用字体,
887,秀,1. 常用漢字の通用字体,
888,周,1. 常用漢字の通用字体,
889,宗,1. 常用漢字の通用字体,
890,拾,1. 常用漢字の通用字体,
891,秋,1. 常用漢字の通用字体,
892,臭,1. 常用漢字の通用字体,臭
893,修,1. 常用漢字の通用字体,
894,袖,1. 常用漢字の通用字体,
895,終,1. 常用漢字の通用字体,
896,羞,1. 常用漢字の通用字体,
897,習,1. 常用漢字の通用字体,
898,週,1. 常用漢字の通用字体,
899,就,1. 常用漢字の通用字体,
900,衆,1. 常用漢字の通用字体,
901,集,1. 常用漢字の通用字体,
902,愁,1. 常用漢字の通用字体,
903,酬,1. 常用漢字の通用字体,
904,醜,1. 常用漢字の通用字体,
905,蹴,1. 常用漢字の通用字体,
906,襲,1. 常用漢字の通用字体,
907,十,1. 常用漢字の通用字体,
908,汁,1. 常用漢字の通用字体,
909,充,1. 常用漢字の通用字体,
910,住,1. 常用漢字の通用字体,
911,柔,1. 常用漢字の通用字体,
912,重,1. 常用漢字の通用字体,
913,従,1. 常用漢字の通用字体,從
914,渋,1. 常用漢字の通用字体,澁
915,銃,1. 常用漢字の通用字体,
916,獣,1. 常用漢字の通用字体,獸
917,縦,1. 常用漢字の通用字体,縱
918,叔,1. 常用漢字の通用字体,
919,祝,1. 常用漢字の通用字体,祝
920,宿,1. 常用漢字の通用字体,
921,淑,1. 常用漢字の通用字体,
922,粛,1. 常用漢字の通用字体,
923,縮,1. 常用漢字の通用字体,
924,塾,1. 常用漢字の通用字体,
925,熟,1. 常用漢字の通用字体,
926,出,1. 常用漢字の通用字体,
927,述,1. 常用漢字の通用字体,
928,術,1. 常用漢字の通用字体,
929,俊,1. 常用漢字の通用字体,
930,春,1. 常用漢字の通用字体,
931,瞬,1. 常用漢字の通用字体,
932,旬,1. 常用漢字の通用字体,
933,巡,1. 常用漢字の通用字体,
934,盾,1. 常用漢字の通用字体,
935,准,1. 常用漢字の通用字体,
936,殉,1. 常用漢字の通用字体,
937,純,1. 常用漢字の通用字体,
938,循,1. 常用漢字の通用字体,
939,順,1. 常用漢字の通用字体,
940,準,1. 常用漢字の通用字体,
941,潤,1. 常用漢字の通用字体,
942,遵,1. 常用漢字の通用字体,
943,処,1. 常用漢字の通用字体,
944,初,1. 常用漢字の通用字体,
945,所,1. 常用漢字の通用字体,
946,書,1. 常用漢字の通用字体,
947,庶,1. 常用漢字の通用字体,
948,暑,1. 常用漢字の通用字体,暑
949,署,1. 常用漢字の通用字体,署
950,緒,1. 常用漢字の通用字体,緖
951,諸,1. 常用漢字の通用字体,諸
952,女,1. 常用漢字の通用字体,
953,如,1. 常用漢字の通用字体,
954,助,1. 常用漢字の通用字体,
955,序,1. 常用漢字の通用字体,
956,叙,1. 常用漢字の通用字体,敍
957,徐,1. 常用漢字の通用字体,
958,除,1. 常用漢字の通用字体,
959,小,1. 常用漢字の通用字体,
960,升,1. 常用漢字の通用字体,
961,少,1. 常用漢字の通用字体,
962,召,1. 常用漢字の通用字体,
963,匠,1. 常用漢字の通用字体,
964,床,1. 常用漢字の通用字体,
965,抄,1. 常用漢字の通用字体,
966,肖,1. 常用漢字の通用字体,
967,尚,1. 常用漢字の通用字体,
968,招,1. 常用漢字の通用字体,
969,承,1. 常用漢字の通用字体,
970,昇,1. 常用漢字の通用字体,
971,松,1. 常用漢字の通用字体,
972,沼,1. 常用漢字の通用字体,
973,昭,1. 常用漢字の通用字体,
974,宵,1. 常用漢字の通用字体,
975,将,1. 常用漢字の通用字体,將
976,消,1. 常用漢字の通用字体,
977,症,1. 常用漢字の通用字体,
978,祥,1. 常用漢字の通用字体,祥
979,称,1. 常用漢字の通用字体,
980,笑,1. 常用漢字の通用字体,
981,唱,1. 常用漢字の通用字体,
982,商,1. 常用漢字の通用字体,
983,渉,1. 常用漢字の通用字体,涉
984,章,1. 常用漢字の通用字体,
985,紹,1. 常用漢字の通用字体,
986,訟,1. 常用漢字の通用字体,
987,勝,1. 常用漢字の通用字体,
988,掌,1. 常用漢字の通用字体,
989,晶,1. 常用漢字の通用字体,
990,焼,1. 常用漢字の通用字体,燒
991,焦,1. 常用漢字の通用字体,
992,硝,1. 常用漢字の通用字体,
993,粧,1. 常用漢字の通用字体,
994,詔,1. 常用漢字の通用字体,
995,証,1. 常用漢字の通用字体,
996,象,1. 常用漢字の通用字体,
997,傷,1. 常用漢字の通用字体,
998,奨,1. 常用漢字の通用字体,奬
999,照,1. 常用漢字の通用字体,
1000,詳,1. 常用漢字の通用字体,
1001,彰,1. 常用漢字の通用字体,
1002,障,1. 常用漢字の通用字体,
1003,憧,1. 常用漢字の通用字体,
1004,衝,1. 常用漢字の通用字体,
1005,賞,1. 常用漢字の通用字体,
1006,償,1. 常用漢字の通用字体,
1007,礁,1. 常用漢字の通用字体,
1008,鐘,1. 常用漢字の通用字体,
1009,上,1. 常用漢字の通用字体,
1010,丈,1. 常用漢字の通用字体,
1011,冗,1. 常用漢字の通用字体,
1012,条,1. 常用漢字の通用字体,條
1013,状,1. 常用漢字の通用字体,狀
1014,乗,1. 常用漢字の通用字体,乘
1015,城,1. 常用漢字の通用字体,
1016,浄,1. 常用漢字の通用字体,淨
1017,剰,1. 常用漢字の通用字体,剩
1018,常,1. 常用漢字の通用字体,
1019,情,1. 常用漢字の通用字体,
1020,場,1. 常用漢字の通用字体,
1021,畳,1. 常用漢字の通用字体,疊
1022,蒸,1. 常用漢字の通用字体,
1023,縄,1. 常用漢字の通用字体,
1024,壌,1. 常用漢字の通用字体,
1025,嬢,1. 常用漢字の通用字体,孃
1026,錠,1. 常用漢字の通用字体,
1027,譲,1. 常用漢字の通用字体,讓
1028,醸,1. 常用漢字の通用字体,釀
1029,色,1. 常用漢字の通用字体,
1030,拭,1. 常用漢字の通用字体,
1031,食,1. 常用漢字の通用字体,
1032,植,1. 常用漢字の通用字体,
1033,殖,1. 常用漢字の通用字体,
1034,飾,1. 常用漢字の通用字体,
1035,触,1. 常用漢字の通用字体,
1036,嘱,1. 常用漢字の通用字体,
1037,織,1. 常用漢字の通用字体,
1038,職,1. 常用漢字の通用字体,
1039,辱,1. 常用漢字の通用字体,
1040,尻,1. 常用漢字の通用字体,
1041,心,1. 常用漢字の通用字体,
1042,申,1. 常用漢字の通用字体,
1043,伸,1. 常用漢字の通用字体,
1044,臣,1. 常用漢字の通用字体,
1045,芯,1. 常用漢字の通用字体,
1046,身,1. 常用漢字の通用字体,
1047,辛,1. 常用漢字の通用字体,
1048,侵,1. 常用漢字の通用字体,
1049,信,1. 常用漢字の通用字体,
1050,津,1. 常用漢字の通用字体,
1051,神,1. 常用漢字の通用字体,神
1052,唇,1. 常用漢字の通用字体,
1053,娠,1. 常用漢字の通用字体,
1054,振,1. 常用漢字の通用字体,
1055,浸,1. 常用漢字の通用字体,
1056,真,1. 常用漢字の通用字体,眞
1057,針,1. 常用漢字の通用字体,
1058,深,1. 常用漢字の通用字体,
1059,紳,1. 常用漢字の通用字体,
1060,進,1. 常用漢字の通用字体,
1061,森,1. 常用漢字の通用字体,
1062,診,1. 常用漢字の通用字体,
1063,寝,1. 常用漢字の通用字体,寢
1064,慎,1. 常用漢字の通用字体,愼
1065,新,1. 常用漢字の通用字体,
1066,審,1. 常用漢字の通用字体,
1067,震,1. 常用漢字の通用字体,
1068,薪,1. 常用漢字の通用字体,
1069,親,1. 常用漢字の通用字体,
1070,人,1. 常用漢字の通用字体,
1071,刃,1. 常用漢字の通用字体,
1072,仁,1. 常用漢字の通用字体,
1073,尽,1. 常用漢字の通用字体,盡
1074,迅,1. 常用漢字の通用字体,
1075,甚,1. 常用漢字の通用字体,
1076,陣,1. 常用漢字の通用字体,
1077,尋,1. 常用漢字の通用字体,
1078,腎,1. 常用漢字の通用字体,
1079,須,1. 常用漢字の通用字体,
1080,図,1. 常用漢字の通用字体,
1081,水,1. 常用漢字の通用字体,
1082,吹,1. 常用漢字の通用字体,
1083,垂,1. 常用漢字の通用字体,
1084,炊,1. 常用漢字の通用字体,
1085,帥,1. 常用漢字の通用字体,
1086,粋,1. 常用漢字の通用字体,粹
1087,衰,1. 常用漢字の通用字体,
1088,推,1. 常用漢字の通用字体,
1089,酔,1. 常用漢字の通用字体,醉
1090,遂,1. 常用漢字の通用字体,
1091,睡,1. 常用漢字の通用字体,
1092,穂,1. 常用漢字の通用字体,穗
1093,随,1. 常用漢字の通用字体,
1094,髄,1. 常用漢字の通用字体,
1095,枢,1. 常用漢字の通用字体,
1096,崇,1. 常用漢字の通用字体,
1097,数,1. 常用漢字の通用字体,
1098,据,1. 常用漢字の通用字体,
1099,杉,1. 常用漢字の通用字体,
1100,裾,1. 常用漢字の通用字体,
1101,寸,1. 常用漢字の通用字体,
1102,瀬,1. 常用漢字の通用字体,瀨
1103,是,1. 常用漢字の通用字体,
1104,井,1. 常用漢字の通用字体,
1105,世,1. 常用漢字の通用字体,
1106,正,1. 常用漢字の通用字体,
1107,生,1. 常用漢字の通用字体,
1108,成,1. 常用漢字の通用字体,
1109,西,1. 常用漢字の通用字体,
1110,声,1. 常用漢字の通用字体,
1111,制,1. 常用漢字の通用字体,
1112,姓,1. 常用漢字の通用字体,
1113,征,1. 常用漢字の通用字体,
1114,性,1. 常用漢字の通用字体,
1115,青,1. 常用漢字の通用字体,
1116,斉,1. 常用漢字の通用字体,齊
1117,政,1. 常用漢字の通用字体,
1118,星,1. 常用漢字の通用字体,
1119,牲,1. 常用漢字の通用字体,
1120,省,1. 常用漢字の通用字体,
1121,凄,1. 常用漢字の通用字体,
1122,逝,1. 常用漢字の通用字体,
1123,清,1. 常用漢字の通用字体,
1124,盛,1. 常用漢字の通用字体,
1125,婿,1. 常用漢字の通用字体,
1126,晴,1. 常用漢字の通用字体,
1127,勢,1. 常用漢字の通用字体,
1128,聖,1. 常用漢字の通用字体,
1129,誠,1. 常用漢字の通用字体,
1130,精,1. 常用漢字の通用字体,
1131,製,1. 常用漢字の通用字体,
1132,誓,1. 常用漢字の通用字体,
1133,静,1. 常用漢字の通用字体,靜
1134,請,1. 常用漢字の通用字体,
1135,整,1. 常用漢字の通用字体,
1136,醒,1. 常用漢字の通用字体,
1137,税,1. 常用漢字の通用字体,
1138,夕,1. 常用漢字の通用字体,
1139,斥,1. 常用漢字の通用字体,
1140,石,1. 常用漢字の通用字体,
1141,赤,1. 常用漢字の通用字体,
1142,昔,1. 常用漢字の通用字体,
1143,析,1. 常用漢字の通用字体,
1144,席,1. 常用漢字の通用字体,
1145,脊,1. 常用漢字の通用字体,
1146,隻,1. 常用漢字の通用字体,
1147,惜,1. 常用漢字の通用字体,
1148,戚,1. 常用漢字の通用字体,
1149,責,1. 常用漢字の通用字体,
1150,跡,1. 常用漢字の通用字体,
1151,積,1. 常用漢字の通用字体,
1152,績,1. 常用漢字の通用字体,
1153,籍,1. 常用漢字の通用字体,
1154,切,1. 常用漢字の通用字体,
1155,折,1. 常用漢字の通用字体,
1156,拙,1. 常用漢字の通用字体,
1157,窃,1. 常用漢字の通用字体,
1158,接,1. 常用漢字の通用字体,
1159,設,1. 常用漢字の通用字体,
1160,雪,1. 常用漢字の通用字体,
1161,摂,1. 常用漢字の通用字体,攝
1162,節,1. 常用漢字の通用字体,節
1163,説,1. 常用漢字の通用字体,
1164,舌,1. 常用漢字の通用字体,
1165,絶,1. 常用漢字の通用字体,
1166,千,1. 常用漢字の通用字体,
1167,川,1. 常用漢字の通用字体,
1168,仙,1. 常用漢字の通用字体,
1169,占,1. 常用漢字の通用字体,
1170,先,1. 常用漢字の通用字体,
1171,宣,1. 常用漢字の通用字体,
1172,専,1. 常用漢字の通用字体,專
1173,泉,1. 常用漢字の通用字体,
1174,浅,1. 常用漢字の通用字体,
1175,洗,1. 常用漢字の通用字体,
1176,染,1. 常用漢字の通用字体,
1177,扇,1. 常用漢字の通用字体,
1178,栓,1. 常用漢字の通用字体,
1179,旋,1. 常用漢字の通用字体,
1180,船,1. 常用漢字の通用字体,
1181,戦,1. 常用漢字の通用字体,戰
1182,煎,1. 常用漢字の通用字体,
1183,羨,1. 常用漢字の通用字体,
1184,腺,1. 常用漢字の通用字体,
1185,詮,1. 常用漢字の通用字体,
1186,践,1. 常用漢字の通用字体,
1187,箋,1. 常用漢字の通用字体,
1188,銭,1. 常用漢字の通用字体,
1189,潜,1. 常用漢字の通用字体,
1190,線,1. 常用漢字の通用字体,
1191,遷,1. 常用漢字の通用字体,
1192,選,1. 常用漢字の通用字体,
1193,薦,1. 常用漢字の通用字体,
1194,繊,1. 常用漢字の通用字体,纖
1195,鮮,1. 常用漢字の通用字体,
1196,全,1. 常用漢字の通用字体,
1197,前,1. 常用漢字の通用字体,
1198,善,1. 常用漢字の通用字体,
1199,然,1. 常用漢字の通用字体,
1200,禅,1. 常用漢字の通用字体,禪
1201,漸,1. 常用漢字の通用字体,
1202,膳,1. 常用漢字の通用字体,
1203,繕,1. 常用漢字の通用字体,
1204,狙,1. 常用漢字の通用字体,
1205,阻,1. 常用漢字の通用字体,
1206,祖,1. 常用漢字の通用字体,祖
1207,租,1. 常用漢字の通用字体,
1208,素,1. 常用漢字の通用字体,
1209,措,1. 常用漢字の通用字体,
1210,粗,1. 常用漢字の通用字体,
1211,組,1. 常用漢字の通用字体,
1212,疎,1. 常用漢字の通用字体,
1213,訴,1. 常用漢字の通用字体,
1214,塑,1. 常用漢字の通用字体,
1215,遡,1. 常用漢字の通用字体,
1216,礎,1. 常用漢字の通用字体,
1217,双,1. 常用漢字の通用字体,
1218,壮,1. 常用漢字の通用字体,壯
1219,早,1. 常用漢字の通用字体,
1220,争,1. 常用漢字の通用字体,爭
1221,走,1. 常用漢字の通用字体,
1222,奏,1. 常用漢字の通用字体,
1223,相,1. 常用漢字の通用字体,
1224,荘,1. 常用漢字の通用字体,莊
1225,草,1. 常用漢字の通用字体,
1226,送,1. 常用漢字の通用字体,
1227,倉,1. 常用漢字の通用字体,
1228,捜,1. 常用漢字の通用字体,搜
1229,挿,1. 常用漢字の通用字体,
1230,桑,1. 常用漢字の通用字体,
1231,巣,1. 常用漢字の通用字体,巢
1232,掃,1. 常用漢字の通用字体,
1233,曹,1. 常用漢字の通用字体,
1234,曽,1. 常用漢字の通用字体,曾
1235,爽,1. 常用漢字の通用字体,
1236,窓,1. 常用漢字の通用字体,
1237,創,1. 常用漢字の通用字体,
1238,喪,1. 常用漢字の通用字体,
1239,痩,1. 常用漢字の通用字体,瘦
1240,葬,1. 常用漢字の通用字体,
1241,装,1. 常用漢字の通用字体,裝
1242,僧,1. 常用漢字の通用字体,僧
1243,想,1. 常用漢字の通用字体,
1244,層,1. 常用漢字の通用字体,層
1245,総,1. 常用漢字の通用字体,
1246,遭,1. 常用漢字の通用字体,
1247,槽,1. 常用漢字の通用字体,
1248,踪,1. 常用漢字の通用字体,
1249,操,1. 常用漢字の通用字体,
1250,燥,1. 常用漢字の通用字体,
1251,霜,1. 常用漢字の通用字体,
1252,騒,1. 常用漢字の通用字体,騷
1253,藻,1. 常用漢字の通用字体,
1254,造,1. 常用漢字の通用字体,
1255,像,1. 常用漢字の通用字体,
1256,増,1. 常用漢字の通用字体,增
1257,憎,1. 常用漢字の通用字体,憎
1258,蔵,1. 常用漢字の通用字体,藏
1259,贈,1. 常用漢字の通用字体,贈
1260,臓,1. 常用漢字の通用字体,臟
1261,即,1. 常用漢字の通用字体,卽
1262,束,1. 常用漢字の通用字体,
1263,足,1. 常用漢字の通用字体,
1264,促,1. 常用漢字の通用字体,
1265,則,1. 常用漢字の通用字体,
1266,息,1. 常用漢字の通用字体,
1267,捉,1. 常用漢字の通用字体,
1268,速,1. 常用漢字の通用字体,
1269,側,1. 常用漢字の通用字体,
1270,測,1. 常用漢字の通用字体,
1271,俗,1. 常用漢字の通用字体,
1272,族,1. 常用漢字の通用字体,
1273,属,1. 常用漢字の通用字体,
1274,賊,1. 常用漢字の通用字体,
1275,続,1. 常用漢字の通用字体,
1276,卒,1. 常用漢字の通用字体,
1277,率,1. 常用漢字の通用字体,
1278,存,1. 常用漢字の通用字体,
1279,村,1. 常用漢字の通用字体,
1280,孫,1. 常用漢字の通用字体,
1281,尊,1. 常用漢字の通用字体,
1282,損,1. 常用漢字の通用字体,
1283,遜,1. 常用漢字の通用字体,
1284,他,1. 常用漢字の通用字体,
1285,多,1. 常用漢字の通用字体,
1286,汰,1. 常用漢字の通用字体,
1287,打,1. 常用漢字の通用字体,
1288,妥,1. 常用漢字の通用字体,
1289,唾,1. 常用漢字の通用字体,
1290,堕,1. 常用漢字の通用字体,
1291,惰,1. 常用漢字の通用字体,
1292,駄,1. 常用漢字の通用字体,
1293,太,1. 常用漢字の通用字体,
1294,対,1. 常用漢字の通用字体,
1295,体,1. 常用漢字の通用字体,
1296,耐,1. 常用漢字の通用字体,
1297,待,1. 常用漢字の通用字体,
1298,怠,1. 常用漢字の通用字体,
1299,胎,1. 常用漢字の通用字体,
1300,退,1. 常用漢字の通用字体,
1301,帯,1. 常用漢字の通用字体,帶
1302,泰,1. 常用漢字の通用字体,
1303,堆,1. 常用漢字の通用字体,
1304,袋,1. 常用漢字の通用字体,
1305,逮,1. 常用漢字の通用字体,
1306,替,1. 常用漢字の通用字体,
1307,貸,1. 常用漢字の通用字体,
1308,隊,1. 常用漢字の通用字体,
1309,滞,1. 常用漢字の通用字体,滯
1310,態,1. 常用漢字の通用字体,
1311,戴,1. 常用漢字の通用字体,
1312,大,1. 常用漢字の通用字体,
1313,代,1. 常用漢字の通用字体,
1314,台,1. 常用漢字の通用字体,
1315,第,1. 常用漢字の通用字体,
1316,題,1. 常用漢字の通用字体,
1317,滝,1. 常用漢字の通用字体,瀧
1318,宅,1. 常用漢字の通用字体,
1319,択,1. 常用漢字の通用字体,
1320,沢,1. 常用漢字の通用字体,
1321,卓,1. 常用漢字の通用字体,
1322,拓,1. 常用漢字の通用字体,
1323,託,1. 常用漢字の通用字体,
1324,濯,1. 常用漢字の通用字体,
1325,諾,1. 常用漢字の通用字体,
1326,濁,1. 常用漢字の通用字体,
1327,但,1. 常用漢字の通用字体,
1328,達,1. 常用漢字の通用字体,
1329,脱,1. 常用漢字の通用字体,
1330,奪,1. 常用漢字の通用字体,
1331,棚,1. 常用漢字の通用字体,
1332,誰,1. 常用漢字の通用字体,
1333,丹,1. 常用漢字の通用字体,
1334,旦,1. 常用漢字の通用字体,
1335,担,1. 常用漢字の通用字体,
1336,単,1. 常用漢字の通用字体,單
1337,炭,1. 常用漢字の通用字体,
1338,胆,1. 常用漢字の通用字体,
1339,探,1. 常用漢字の通用字体,
1340,淡,1. 常用漢字の通用字体,
1341,短,1. 常用漢字の通用字体,
1342,嘆,1. 常用漢字の通用字体,嘆
1343,端,1. 常用漢字の通用字体,
1344,綻,1. 常用漢字の通用字体,
1345,誕,1. 常用漢字の通用字体,
1346,鍛,1. 常用漢字の通用字体,
1347,団,1. 常用漢字の通用字体,團
1348,男,1. 常用漢字の通用字体,
1349,段,1. 常用漢字の通用字体,
1350,断,1. 常用漢字の通用字体,
1351,弾,1. 常用漢字の通用字体,彈
1352,暖,1. 常用漢字の通用字体,
1353,談,1. 常用漢字の通用字体,
1354,壇,1. 常用漢字の通用字体,
1355,地,1. 常用漢字の通用字体,
1356,池,1. 常用漢字の通用字体,
1357,知,1. 常用漢字の通用字体,
1358,値,1. 常用漢字の通用字体,
1359,恥,1. 常用漢字の通用字体,
1360,致,1. 常用漢字の通用字体,
1361,遅,1. 常用漢字の通用字体,
1362,痴,1. 常用漢字の通用字体,
1363,稚,1. 常用漢字の通用字体,
1364,置,1. 常用漢字の通用字体,
1365,緻,1. 常用漢字の通用字体,
1366,竹,1. 常用漢字の通用字体,
1367,畜,1. 常用漢字の通用字体,
1368,逐,1. 常用漢字の通用字体,
1369,蓄,1. 常用漢字の通用字体,
1370,築,1. 常用漢字の通用字体,
1371,秩,1. 常用漢字の通用字体,
1372,窒,1. 常用漢字の通用字体,
1373,茶,1. 常用漢字の通用字体,
1374,着,1. 常用漢字の通用字体,
1375,嫡,1. 常用漢字の通用字体,
1376,中,1. 常用漢字の通用字体,
1377,仲,1. 常用漢字の通用字体,
1378,虫,1. 常用漢字の通用字体,
1379,沖,1. 常用漢字の通用字体,
1380,宙,1. 常用漢字の通用字体,
1381,忠,1. 常用漢字の通用字体,
1382,抽,1. 常用漢字の通用字体,
1383,注,1. 常用漢字の通用字体,
1384,昼,1. 常用漢字の通用字体,晝
1385,柱,1. 常用漢字の通用字体,
1386,衷,1. 常用漢字の通用字体,
1387,酎,1. 常用漢字の通用字体,
1388,鋳,1. 常用漢字の通用字体,鑄
1389,駐,1. 常用漢字の通用字体,
1390,著,1. 常用漢字の通用字体,著
1391,貯,1. 常用漢字の通用字体,
1392,丁,1. 常用漢字の通用字体,
1393,弔,1. 常用漢字の通用字体,
1394,庁,1. 常用漢字の通用字体,廳
1395,兆,1. 常用漢字の通用字体,
1396,町,1. 常用漢字の通用字体,
1397,長,1. 常用漢字の通用字体,
1398,挑,1. 常用漢字の通用字体,
1399,帳,1. 常用漢字の通用字体,
1400,張,1. 常用漢字の通用字体,
1401,彫,1. 常用漢字の通用字体,
1402,眺,1. 常用漢字の通用字体,
1403,釣,1. 常用漢字の通用字体,
1404,頂,1. 常用漢字の通用字体,
1405,鳥,1. 常用漢字の通用字体,
1406,朝,1. 常用漢字の通用字体,
1407,貼,1. 常用漢字の通用字体,
1408,超,1. 常用漢字の通用字体,
1409,腸,1. 常用漢字の通用字体,
1410,跳,1. 常用漢字の通用字体,
1411,徴,1. 常用漢字の通用字体,徵
1412,嘲,1. 常用漢字の通用字体,
1413,潮,1. 常用漢字の通用字体,
1414,澄,1. 常用漢字の通用字体,
1415,調,1. 常用漢字の通用字体,
1416,聴,1. 常用漢字の通用字体,聽
1417,懲,1. 常用漢字の通用字体,懲
1418,直,1. 常用漢字の通用字体,
1419,勅,1. 常用漢字の通用字体,
1420,捗,1. 常用漢字の通用字体,
1421,沈,1. 常用漢字の通用字体,
1422,珍,1. 常用漢字の通用字体,
1423,朕,1. 常用漢字の通用字体,
1424,陳,1. 常用漢字の通用字体,
1425,賃,1. 常用漢字の通用字体,
1426,鎮,1. 常用漢字の通用字体,鎭
1427,追,1. 常用漢字の通用字体,
1428,椎,1. 常用漢字の通用字体,
1429,墜,1. 常用漢字の通用字体,
1430,通,1. 常用漢字の通用字体,
1431,痛,1. 常用漢字の通用字体,
1432,塚,1. 常用漢字の通用字体,
1433,漬,1. 常用漢字の通用字体,
1434,坪,1. 常用漢字の通用字体,
1435,爪,1. 常用漢字の通用字体,
1436,鶴,1. 常用漢字の通用字体,
1437,低,1. 常用漢字の通用字体,
1438,呈,1. 常用漢字の通用字体,
1439,廷,1. 常用漢字の通用字体,
1440,弟,1. 常用漢字の通用字体,
1441,定,1. 常用漢字の通用字体,
1442,底,1. 常用漢字の通用字体,
1443,抵,1. 常用漢字の通用字体,
1444,邸,1. 常用漢字の通用字体,
1445,亭,1. 常用漢字の通用字体,
1446,貞,1. 常用漢字の通用字体,
1447,帝,1. 常用漢字の通用字体,
1448,訂,1. 常用漢字の通用字体,
1449,庭,1. 常用漢字の通用字体,
1450,逓,1. 常用漢字の通用字体,
1451,停,1. 常用漢字の通用字体,
1452,偵,1. 常用漢字の通用字体,
1453,堤,1. 常用漢字の通用字体,
1454,提,1. 常用漢字の通用字体,
1455,程,1. 常用漢字の通用字体,
1456,艇,1. 常用漢字の通用字体,
1457,締,1. 常用漢字の通用字体,
1458,諦,1. 常用漢字の通用字体,
1459,泥,1. 常用漢字の通用字体,
1460,的,1. 常用漢字の通用字体,
1461,笛,1. 常用漢字の通用字体,
1462,摘,1. 常用漢字の通用字体,
1463,滴,1. 常用漢字の通用字体,
1464,適,1. 常用漢字の通用字体,
1465,敵,1. 常用漢字の通用字体,
1466,溺,1. 常用漢字の通用字体,
1467,迭,1. 常用漢字の通用字体,
1468,哲,1. 常用漢字の通用字体,
1469,鉄,1. 常用漢字の通用字体,
1470,徹,1. 常用漢字の通用字体,
1471,撤,1. 常用漢字の通用字体,
1472,天,1. 常用漢字の通用字体,
1473,典,1. 常用漢字の通用字体,
1474,店,1. 常用漢字の通用字体,
1475,点,1. 常用漢字の通用字体,
1476,展,1. 常用漢字の通用字体,
1477,添,1. 常用漢字の通用字体,
1478,転,1. 常用漢字の通用字体,轉
1479,塡,1. 常用漢字の通用字体,
1480,田,1. 常用漢字の通用字体,
1481,伝,1. 常用漢字の通用字体,傳
1482,殿,1. 常用漢字の通用字体,
1483,電,1. 常用漢字の通用字体,
1484,斗,1. 常用漢字の通用字体,
1485,吐,1. 常用漢字の通用字体,
1486,妬,1. 常用漢字の通用字体,
1487,徒,1. 常用漢字の通用字体,
1488,途,1. 常用漢字の通用字体,
1489,都,1. 常用漢字の通用字体,都
1490,渡,1. 常用漢字の通用字体,
1491,塗,1. 常用漢字の通用字体,
1492,賭,1. 常用漢字の通用字体,
1493,土,1. 常用漢字の通用字体,
1494,奴,1. 常用漢字の通用字体,
1495,努,1. 常用漢字の通用字体,
1496,度,1. 常用漢字の通用字体,
1497,怒,1. 常用漢字の通用字体,
1498,刀,1. 常用漢字の通用字体,
1499,冬,1. 常用漢字の通用字体,
1500,灯,1. 常用漢字の通用字体,燈
1501,当,1. 常用漢字の通用字体,
1502,投,1. 常用漢字の通用字体,
1503,豆,1. 常用漢字の通用字体,
1504,東,1. 常用漢字の通用字体,
1505,到,1. 常用漢字の通用字体,
1506,逃,1. 常用漢字の通用字体,
1507,倒,1. 常用漢字の通用字体,
1508,凍,1. 常用漢字の通用字体,
1509,唐,1. 常用漢字の通用字体,
1510,島,1. 常用漢字の通用字体,嶋
1511,桃,1. 常用漢字の通用字体,
1512,討,1. 常用漢字の通用字体,
1513,透,1. 常用漢字の通用字体,
1514,党,1. 常用漢字の通用字体,
1515,悼,1. 常用漢字の通用字体,
1516,盗,1. 常用漢字の通用字体,盜
1517,陶,1. 常用漢字の通用字体,
1518,塔,1. 常用漢字の通用字体,
1519,搭,1. 常用漢字の通用字体,
1520,棟,1. 常用漢字の通用字体,
1521,湯,1. 常用漢字の通用字体,
1522,痘,1. 常用漢字の通用字体,
1523,登,1. 常用漢字の通用字体,
1524,答,1. 常用漢字の通用字体,
1525,等,1. 常用漢字の通用字体,
1526,筒,1. 常用漢字の通用字体,
1527,統,1. 常用漢字の通用字体,
1528,稲,1. 常用漢字の通用字体,稻
1529,踏,1. 常用漢字の通用字体,
1530,糖,1. 常用漢字の通用字体,
1531,頭,1. 常用漢字の通用字体,
1532,謄,1. 常用漢字の通用字体,
1533,藤,1. 常用漢字の通用字体,
1534,闘,1. 常用漢字の通用字体,
1535,騰,1. 常用漢字の通用字体,
1536,同,1. 常用漢字の通用字体,
1537,洞,1. 常用漢字の通用字体,
1538,胴,1. 常用漢字の通用字体,
1539,動,1. 常用漢字の通用字体,
1540,堂,1. 常用漢字の通用字体,
1541,童,1. 常用漢字の通用字体,
1542,道,1. 常用漢字の通用字体,
1543,働,1. 常用漢字の通用字体,
1544,銅,1. 常用漢字の通用字体,
1545,導,1. 常用漢字の通用字体,
1546,瞳,1. 常用漢字の通用字体,
1547,峠,1. 常用漢字の通用字体,
1548,匿,1. 常用漢字の通用字体,
1549,特,1. 常用漢字の通用字体,
1550,得,1. 常用漢字の通用字体,
1551,督,1. 常用漢字の通用字体,
1552,徳,1. 常用漢字の通用字体,德
1553,篤,1. 常用漢字の通用字体,
1554,毒,1. 常用漢字の通用字体,
1555,独,1. 常用漢字の通用字体,
1556,読,1. 常用漢字の通用字体,
1557,栃,1. 常用漢字の通用字体,
1558,凸,1. 常用漢字の通用字体,
1559,突,1. 常用漢字の通用字体,突
1560,届,1. 常用漢字の通用字体,
1561,屯,1. 常用漢字の通用字体,
1562,豚,1. 常用漢字の通用字体,
1563,頓,1. 常用漢字の通用字体,
1564,貪,1. 常用漢字の通用字体,
1565,鈍,1. 常用漢字の通用字体,
1566,曇,1. 常用漢字の通用字体,
1567,丼,1. 常用漢字の通用字体,
1568,那,1. 常用漢字の通用字体,
1569,奈,1. 常用漢字の通用字体,
1570,内,1. 常用漢字の通用字体,
1571,梨,1. 常用漢字の通用字体,
1572,謎,1. 常用漢字の通用字体,
1573,鍋,1. 常用漢字の通用字体,
1574,南,1. 常用漢字の通用字体,
1575,軟,1. 常用漢字の通用字体,
1576,難,1. 常用漢字の通用字体,難
1577,二,1. 常用漢字の通用字体,
1578,尼,1. 常用漢字の通用字体,
1579,弐,1. 常用漢字の通用字体,
1580,匂,1. 常用漢字の通用字体,
1581,肉,1. 常用漢字の通用字体,
1582,虹,1. 常用漢字の通用字体,
1583,日,1. 常用漢字の通用字体,
1584,入,1. 常用漢字の通用字体,
1585,乳,1. 常用漢字の通用字体,
1586,尿,1. 常用漢字の通用字体,
1587,任,1. 常用漢字の通用字体,
1588,妊,1. 常用漢字の通用字体,
1589,忍,1. 常用漢字の通用字体,
1590,認,1. 常用漢字の通用字体,
1591,寧,1. 常用漢字の通用字体,
1592,熱,1. 常用漢字の通用字体,
1593,年,1. 常用漢字の通用字体,
1594,念,1. 常用漢字の通用字体,
1595,捻,1. 常用漢字の通用字体,
1596,粘,1. 常用漢字の通用字体,
1597,燃,1. 常用漢字の通用字体,
1598,悩,1. 常用漢字の通用字体,
1599,納,1. 常用漢字の通用字体,
1600,能,1. 常用漢字の通用字体,
1601,脳,1. 常用漢字の通用字体,
1602,農,1. 常用漢字の通用字体,
1603,濃,1. 常用漢字の通用字体,
1604,把,1. 常用漢字の通用字体,
1605,波,1. 常用漢字の通用字体,
1606,派,1. 常用漢字の通用字体,
1607,破,1. 常用漢字の通用字体,
1608,覇,1. 常用漢字の通用字体,
1609,馬,1. 常用漢字の通用字体,
1610,婆,1. 常用漢字の通用字体,
1611,罵,1. 常用漢字の通用字体,
1612,拝,1. 常用漢字の通用字体,拜
1613,杯,1. 常用漢字の通用字体,盃
1614,背,1. 常用漢字の通用字体,
1615,肺,1. 常用漢字の通用字体,
1616,俳,1. 常用漢字の通用字体,
1617,配,1. 常用漢字の通用字体,
1618,排,1. 常用漢字の通用字体,
1619,敗,1. 常用漢字の通用字体,
1620,廃,1. 常用漢字の通用字体,
1621,輩,1. 常用漢字の通用字体,
1622,売,1. 常用漢字の通用字体,賣
1623,倍,1. 常用漢字の通用字体,
1624,梅,1. 常用漢字の通用字体,梅
1625,培,1. 常用漢字の通用字体,
1626,陪,1. 常用漢字の通用字体,
1627,媒,1. 常用漢字の通用字体,
1628,買,1. 常用漢字の通用字体,
1629,賠,1. 常用漢字の通用字体,
1630,白,1. 常用漢字の通用字体,
1631,伯,1. 常用漢字の通用字体,
1632,拍,1. 常用漢字の通用字体,
1633,泊,1. 常用漢字の通用字体,
1634,迫,1. 常用漢字の通用字体,
1635,剝,1. 常用漢字の通用字体,
1636,舶,1. 常用漢字の通用字体,
1637,博,1. 常用漢字の通用字体,
1638,薄,1. 常用漢字の通用字体,
1639,麦,1. 常用漢字の通用字体,
1640,漠,1. 常用漢字の通用字体,
1641,縛,1. 常用漢字の通用字体,
1642,爆,1. 常用漢字の通用字体,
1643,箱,1. 常用漢字の通用字体,
1644,箸,1. 常用漢字の通用字体,
1645,畑,1. 常用漢字の通用字体,
1646,肌,1. 常用漢字の通用字体,
1647,八,1. 常用漢字の通用字体,
1648,鉢,1. 常用漢字の通用字体,
1649,発,1. 常用漢字の通用字体,
1650,髪,1. 常用漢字の通用字体,髮
1651,伐,1. 常用漢字の通用字体,
1652,抜,1. 常用漢字の通用字体,拔
1653,罰,1. 常用漢字の通用字体,
1654,閥,1. 常用漢字の通用字体,
1655,反,1. 常用漢字の通用字体,
1656,半,1. 常用漢字の通用字体,
1657,氾,1. 常用漢字の通用字体,
1658,犯,1. 常用漢字の通用字体,
1659,帆,1. 常用漢字の通用字体,
1660,汎,1. 常用漢字の通用字体,
1661,伴,1. 常用漢字の通用字体,
1662,判,1. 常用漢字の通用字体,
1663,坂,1. 常用漢字の通用字体,
1664,阪,1. 常用漢字の通用字体,
1665,板,1. 常用漢字の通用字体,
1666,版,1. 常用漢字の通用字体,
1667,班,1. 常用漢字の通用字体,
1668,畔,1. 常用漢字の通用字体,
1669,般,1. 常用漢字の通用字体,
1670,販,1. 常用漢字の通用字体,
1671,斑,1. 常用漢字の通用字体,
1672,飯,1. 常用漢字の通用字体,
1673,搬,1. 常用漢字の通用字体,
1674,煩,1. 常用漢字の通用字体,
1675,頒,1. 常用漢字の通用字体,
1676,範,1. 常用漢字の通用字体,
1677,繁,1. 常用漢字の通用字体,繁
1678,藩,1. 常用漢字の通用字体,
1679,晩,1. 常用漢字の通用字体,晚
1680,番,1. 常用漢字の通用字体,
1681,蛮,1. 常用漢字の通用字体,
1682,盤,1. 常用漢字の通用字体,
1683,比,1. 常用漢字の通用字体,
1684,皮,1. 常用漢字の通用字体,
1685,妃,1. 常用漢字の通用字体,
1686,否,1. 常用漢字の通用字体,
1687,批,1. 常用漢字の通用字体,
1688,彼,1. 常用漢字の通用字体,
1689,披,1. 常用漢字の通用字体,
1690,肥,1. 常用漢字の通用字体,
1691,非,1. 常用漢字の通用字体,
1692,卑,1. 常用漢字の通用字体,卑
1693,飛,1. 常用漢字の通用字体,
1694,疲,1. 常用漢字の通用字体,
1695,秘,1. 常用漢字の通用字体,祕
1696,被,1. 常用漢字の通用字体,
1697,悲,1. 常用漢字の通用字体,
1698,扉,1. 常用漢字の通用字体,
1699,費,1. 常用漢字の通用字体,
1700,碑,1. 常用漢字の通用字体,碑
1701,罷,1. 常用漢字の通用字体,
1702,避,1. 常用漢字の通用字体,
1703,尾,1. 常用漢字の通用字体,
1704,眉,1. 常用漢字の通用字体,
1705,美,1. 常用漢字の通用字体,
1706,備,1. 常用漢字の通用字体,
1707,微,1. 常用漢字の通用字体,
1708,鼻,1. 常用漢字の通用字体,
1709,膝,1. 常用漢字の通用字体,
1710,肘,1. 常用漢字の通用字体,
1711,匹,1. 常用漢字の通用字体,
1712,必,1. 常用漢字の通用字体,
1713,泌,1. 常用漢字の通用字体,
1714,筆,1. 常用漢字の通用字体,
1715,姫,1. 常用漢字の通用字体,
1716,百,1. 常用漢字の通用字体,
1717,氷,1. 常用漢字の通用字体,
1718,表,1. 常用漢字の通用字体,
1719,俵,1. 常用漢字の通用字体,
1720,票,1. 常用漢字の通用字体,
1721,評,1. 常用漢字の通用字体,
1722,漂,1. 常用漢字の通用字体,
1723,標,1. 常用漢字の通用字体,
1724,苗,1. 常用漢字の通用字体,
1725,秒,1. 常用漢字の通用字体,
1726,病,1. 常用漢字の通用字体,
1727,描,1. 常用漢字の通用字体,
1728,猫,1. 常用漢字の通用字体,
1729,品,1. 常用漢字の通用字体,
1730,浜,1. 常用漢字の通用字体,
1731,貧,1. 常用漢字の通用字体,
1732,賓,1. 常用漢字の通用字体,賓
1733,頻,1. 常用漢字の通用字体,
1734,敏,1. 常用漢字の通用字体,敏
1735,瓶,1. 常用漢字の通用字体,
1736,不,1. 常用漢字の通用字体,
1737,夫,1. 常用漢字の通用字体,
1738,父,1. 常用漢字の通用字体,
1739,付,1. 常用漢字の通用字体,
1740,布,1. 常用漢字の通用字体,
1741,扶,1. 常用漢字の通用字体,
1742,府,1. 常用漢字の通用字体,
1743,怖,1. 常用漢字の通用字体,
1744,阜,1. 常用漢字の通用字体,
1745,附,1. 常用漢字の通用字体,
1746,訃,1. 常用漢字の通用字体,
1747,負,1. 常用漢字の通用字体,
1748,赴,1. 常用漢字の通用字体,
1749,浮,1. 常用漢字の通用字体,
1750,婦,1. 常用漢字の通用字体,
1751,符,1. 常用漢字の通用字体,
1752,富,1. 常用漢字の通用字体,冨
1753,普,1. 常用漢字の通用字体,
1754,腐,1. 常用漢字の通用字体,
1755,敷,1. 常用漢字の通用字体,
1756,膚,1. 常用漢字の通用字体,
1757,賦,1. 常用漢字の通用字体,
1758,譜,1. 常用漢字の通用字体,
1759,侮,1. 常用漢字の通用字体,侮
1760,武,1. 常用漢字の通用字体,
1761,部,1. 常用漢字の通用字体,
1762,舞,1. 常用漢字の通用字体,
1763,封,1. 常用漢字の通用字体,
1764,風,1. 常用漢字の通用字体,
1765,伏,1. 常用漢字の通用字体,
1766,服,1. 常用漢字の通用字体,
1767,副,1. 常用漢字の通用字体,
1768,幅,1. 常用漢字の通用字体,
1769,復,1. 常用漢字の通用字体,
1770,福,1. 常用漢字の通用字体,福
1771,腹,1. 常用漢字の通用字体,
1772,複,1. 常用漢字の通用字体,
1773,覆,1. 常用漢字の通用字体,
1774,払,1. 常用漢字の通用字体,拂
1775,沸,1. 常用漢字の通用字体,
1776,仏,1. 常用漢字の通用字体,佛
1777,物,1. 常用漢字の通用字体,
1778,粉,1. 常用漢字の通用字体,
1779,紛,1. 常用漢字の通用字体,
1780,雰,1. 常用漢字の通用字体,
1781,噴,1. 常用漢字の通用字体,
1782,墳,1. 常用漢字の通用字体,
1783,憤,1. 常用漢字の通用字体,
1784,奮,1. 常用漢字の通用字体,
1785,分,1. 常用漢字の通用字体,
1786,文,1. 常用漢字の通用字体,
1787,聞,1. 常用漢字の通用字体,
1788,丙,1. 常用漢字の通用字体,
1789,平,1. 常用漢字の通用字体,
1790,兵,1. 常用漢字の通用字体,
1791,併,1. 常用漢字の通用字体,
1792,並,1. 常用漢字の通用字体,
1793,柄,1. 常用漢字の通用字体,
1794,陛,1. 常用漢字の通用字体,
1795,閉,1. 常用漢字の通用字体,
1796,塀,1. 常用漢字の通用字体,
1797,幣,1. 常用漢字の通用字体,
1798,弊,1. 常用漢字の通用字体,
1799,蔽,1. 常用漢字の通用字体,
1800,餅,1. 常用漢字の通用字体,
1801,米,1. 常用漢字の通用字体,
1802,壁,1. 常用漢字の通用字体,
1803,璧,1. 常用漢字の通用字体,
1804,癖,1. 常用漢字の通用字体,
1805,別,1. 常用漢字の通用字体,
1806,蔑,1. 常用漢字の通用字体,
1807,片,1. 常用漢字の通用字体,
1808,辺,1. 常用漢字の通用字体,
1809,返,1. 常用漢字の通用字体,
1810,変,1. 常用漢字の通用字体,
1811,偏,1. 常用漢字の通用字体,
1812,遍,1. 常用漢字の通用字体,
1813,編,1. 常用漢字の通用字体,
1814,弁,1. 常用漢字の通用字体,
1815,便,1. 常用漢字の通用字体,
1816,勉,1. 常用漢字の通用字体,勉
1817,歩,1. 常用漢字の通用字体,步
1818,保,1. 常用漢字の通用字体,
1819,哺,1. 常用漢字の通用字体,
1820,捕,1. 常用漢字の通用字体,
1821,補,1. 常用漢字の通用字体,
1822,舗,1. 常用漢字の通用字体,
1823,母,1. 常用漢字の通用字体,
1824,募,1. 常用漢字の通用字体,
1825,墓,1. 常用漢字の通用字体,
1826,慕,1. 常用漢字の通用字体,
1827,暮,1. 常用漢字の通用字体,
1828,簿,1. 常用漢字の通用字体,
1829,方,1. 常用漢字の通用字体,
1830,包,1. 常用漢字の通用字体,
1831,芳,1. 常用漢字の通用字体,
1832,邦,1. 常用漢字の通用字体,
1833,奉,1. 常用漢字の通用字体,
1834,宝,1. 常用漢字の通用字体,
1835,抱,1. 常用漢字の通用字体,
1836,放,1. 常用漢字の通用字体,
1837,法,1. 常用漢字の通用字体,
1838,泡,1. 常用漢字の通用字体,
1839,胞,1. 常用漢字の通用字体,
1840,俸,1. 常用漢字の通用字体,
1841,倣,1. 常用漢字の通用字体,
1842,峰,1. 常用漢字の通用字体,峯
1843,砲,1. 常用漢字の通用字体,
1844,崩,1. 常用漢字の通用字体,
1845,訪,1. 常用漢字の通用字体,
1846,報,1. 常用漢字の通用字体,
1847,蜂,1. 常用漢字の通用字体,
1848,豊,1. 常用漢字の通用字体,
1849,飽,1. 常用漢字の通用字体,
1850,褒,1. 常用漢字の通用字体,
1851,縫,1. 常用漢字の通用字体,
1852,亡,1. 常用漢字の通用字体,
1853,乏,1. 常用漢字の通用字体,
1854,忙,1. 常用漢字の通用字体,
1855,坊,1. 常用漢字の通用字体,
1856,妨,1. 常用漢字の通用字体,
1857,忘,1. 常用漢字の通用字体,
1858,防,1. 常用漢字の通用字体,
1859,房,1. 常用漢字の通用字体,
1860,肪,1. 常用漢字の通用字体,
1861,某,1. 常用漢字の通用字体,
1862,冒,1. 常用漢字の通用字体,
1863,剖,1. 常用漢字の通用字体,
1864,紡,1. 常用漢字の通用字体,
1865,望,1. 常用漢字の通用字体,
1866,傍,1. 常用漢字の通用字体,
1867,帽,1. 常用漢字の通用字体,
1868,棒,1. 常用漢字の通用字体,
1869,貿,1. 常用漢字の通用字体,
1870,貌,1. 常用漢字の通用字体,
1871,暴,1. 常用漢字の通用字体,
1872,膨,1. 常用漢字の通用字体,
1873,謀,1. 常用漢字の通用字体,
1874,頰,1. 常用漢字の通用字体,
1875,北,1. 常用漢字の通用字体,
1876,木,1. 常用漢字の通用字体,
1877,朴,1. 常用漢字の通用字体,
1878,牧,1. 常用漢字の通用字体,
1879,睦,1. 常用漢字の通用字体,
1880,僕,1. 常用漢字の通用字体,
1881,墨,1. 常用漢字の通用字体,墨
1882,撲,1. 常用漢字の通用字体,
1883,没,1. 常用漢字の通用字体,
1884,勃,1. 常用漢字の通用字体,
1885,堀,1. 常用漢字の通用字体,
1886,本,1. 常用漢字の通用字体,
1887,奔,1. 常用漢字の通用字体,
1888,翻,1. 常用漢字の通用字体,飜
1889,凡,1. 常用漢字の通用字体,
1890,盆,1. 常用漢字の通用字体,
1891,麻,1. 常用漢字の通用字体,
1892,摩,1. 常用漢字の通用字体,
1893,磨,1. 常用漢字の通用字体,
1894,魔,1. 常用漢字の通用字体,
1895,毎,1. 常用漢字の通用字体,每
1896,妹,1. 常用漢字の通用字体,
1897,枚,1. 常用漢字の通用字体,
1898,昧,1. 常用漢字の通用字体,
1899,埋,1. 常用漢字の通用字体,
1900,幕,1. 常用漢字の通用字体,
1901,膜,1. 常用漢字の通用字体,
1902,枕,1. 常用漢字の通用字体,
1903,又,1. 常用漢字の通用字体,
1904,末,1. 常用漢字の通用字体,
1905,抹,1. 常用漢字の通用字体,
1906,万,1. 常用漢字の通用字体,萬
1907,満,1. 常用漢字の通用字体,
1908,慢,1. 常用漢字の通用字体,
1909,漫,1. 常用漢字の通用字体,
1910,未,1. 常用漢字の通用字体,
1911,味,1. 常用漢字の通用字体,
1912,魅,1. 常用漢字の通用字体,
1913,岬,1. 常用漢字の通用字体,
1914,密,1. 常用漢字の通用字体,
1915,蜜,1. 常用漢字の通用字体,
1916,脈,1. 常用漢字の通用字体,
1917,妙,1. 常用漢字の通用字体,
1918,民,1. 常用漢字の通用字体,
1919,眠,1. 常用漢字の通用字体,
1920,矛,1. 常用漢字の通用字体,
1921,務,1. 常用漢字の通用字体,
1922,無,1. 常用漢字の通用字体,
1923,夢,1. 常用漢字の通用字体,
1924,霧,1. 常用漢字の通用字体,
1925,娘,1. 常用漢字の通用字体,
1926,名,1. 常用漢字の通用字体,
1927,命,1. 常用漢字の通用字体,
1928,明,1. 常用漢字の通用字体,
1929,迷,1. 常用漢字の通用字体,
1930,冥,1. 常用漢字の通用字体,
1931,盟,1. 常用漢字の通用字体,
1932,銘,1. 常用漢字の通用字体,
1933,鳴,1. 常用漢字の通用字体,
1934,滅,1. 常用漢字の通用字体,
1935,免,1. 常用漢字の通用字体,
1936,面,1. 常用漢字の通用字体,
1937,綿,1. 常用漢字の通用字体,
1938,麺,1. 常用漢字の通用字体,
1939,茂,1. 常用漢字の通用字体,
1940,模,1. 常用漢字の通用字体,
1941,毛,1. 常用漢字の通用字体,
1942,妄,1. 常用漢字の通用字体,
1943,盲,1. 常用漢字の通用字体,
1944,耗,1. 常用漢字の通用字体,
1945,猛,1. 常用漢字の通用字体,
1946,網,1. 常用漢字の通用字体,
1947,目,1. 常用漢字の通用字体,
1948,黙,1. 常用漢字の通用字体,默
1949,門,1. 常用漢字の通用字体,
1950,紋,1. 常用漢字の通用字体,
1951,問,1. 常用漢字の通用字体,
1952,冶,1. 常用漢字の通用字体,
1953,夜,1. 常用漢字の通用字体,
1954,野,1. 常用漢字の通用字体,埜
1955,弥,1. 常用漢字の通用字体,彌
1956,厄,1. 常用漢字の通用字体,
1957,役,1. 常用漢字の通用字体,
1958,約,1. 常用漢字の通用字体,
1959,訳,1. 常用漢字の通用字体,
1960,薬,1. 常用漢字の通用字体,藥
1961,躍,1. 常用漢字の通用字体,
1962,闇,1. 常用漢字の通用字体,
1963,由,1. 常用漢字の通用字体,
1964,油,1. 常用漢字の通用字体,
1965,喩,1. 常用漢字の通用字体,
1966,愉,1. 常用漢字の通用字体,
1967,諭,1. 常用漢字の通用字体,
1968,輸,1. 常用漢字の通用字体,
1969,癒,1. 常用漢字の通用字体,
1970,唯,1. 常用漢字の通用字体,
1971,友,1. 常用漢字の通用字体,
1972,有,1. 常用漢字の通用字体,
1973,勇,1. 常用漢字の通用字体,
1974,幽,1. 常用漢字の通用字体,
1975,悠,1. 常用漢字の通用字体,
1976,郵,1. 常用漢字の通用字体,
1977,湧,1. 常用漢字の通用字体,
1978,猶,1. 常用漢字の通用字体,
1979,裕,1. 常用漢字の通用字体,
1980,遊,1. 常用漢字の通用字体,
1981,雄,1. 常用漢字の通用字体,
1982,誘,1. 常用漢字の通用字体,
1983,憂,1. 常用漢字の通用字体,
1984,融,1. 常用漢字の通用字体,
1985,優,1. 常用漢字の通用字体,
1986,与,1. 常用漢字の通用字体,與
1987,予,1. 常用漢字の通用字体,
1988,余,1. 常用漢字の通用字体,
1989,誉,1. 常用漢字の通用字体,
1990,預,1. 常用漢字の通用字体,
1991,幼,1. 常用漢字の通用字体,
1992,用,1. 常用漢字の通用字体,
1993,羊,1. 常用漢字の通用字体,
1994,妖,1. 常用漢字の通用字体,
1995,洋,1. 常用漢字の通用字体,
1996,要,1. 常用漢字の通用字体,
1997,容,1. 常用漢字の通用字体,
1998,庸,1. 常用漢字の通用字体,
1999,揚,1. 常用漢字の通用字体,
2000,揺,1. 常用漢字の通用字体,搖
2001,葉,1. 常用漢字の通用字体,
2002,陽,1. 常用漢字の通用字体,
2003,溶,1. 常用漢字の通用字体,
2004,腰,1. 常用漢字の通用字体,
2005,様,1. 常用漢字の通用字体,樣
2006,瘍,1. 常用漢字の通用字体,
2007,踊,1. 常用漢字の通用字体,
2008,窯,1. 常用漢字の通用字体,
2009,養,1. 常用漢字の通用字体,
2010,擁,1. 常用漢字の通用字体,
2011,謡,1. 常用漢字の通用字体,謠
2012,曜,1. 常用漢字の通用字体,
2013,抑,1. 常用漢字の通用字体,
2014,沃,1. 常用漢字の通用字体,
2015,浴,1. 常用漢字の通用字体,
2016,欲,1. 常用漢字の通用字体,
2017,翌,1. 常用漢字の通用字体,
2018,翼,1. 常用漢字の通用字体,
2019,拉,1. 常用漢字の通用字体,
2020,裸,1. 常用漢字の通用字体,
2021,羅,1. 常用漢字の通用字体,
2022,来,1. 常用漢字の通用字体,來
2023,雷,1. 常用漢字の通用字体,
2024,頼,1. 常用漢字の通用字体,賴
2025,絡,1. 常用漢字の通用字体,
2026,落,1. 常用漢字の通用字体,
2027,酪,1. 常用漢字の通用字体,
2028,辣,1. 常用漢字の通用字体,
2029,乱,1. 常用漢字の通用字体,
2030,卵,1. 常用漢字の通用字体,
2031,覧,1. 常用漢字の通用字体,覽
2032,濫,1. 常用漢字の通用字体,
2033,藍,1. 常用漢字の通用字体,
2034,欄,1. 常用漢字の通用字体,欄
2035,吏,1. 常用漢字の通用字体,
2036,利,1. 常用漢字の通用字体,
2037,里,1. 常用漢字の通用字体,
2038,理,1. 常用漢字の通用字体,
2039,痢,1. 常用漢字の通用字体,
2040,裏,1. 常用漢字の通用字体,
2041,履,1. 常用漢字の通用字体,
2042,璃,1. 常用漢字の通用字体,
2043,離,1. 常用漢字の通用字体,
2044,陸,1. 常用漢字の通用字体,
2045,立,1. 常用漢字の通用字体,
2046,律,1. 常用漢字の通用字体,
2047,慄,1. 常用漢字の通用字体,
2048,略,1. 常用漢字の通用字体,
2049,柳,1. 常用漢字の通用字体,
2050,流,1. 常用漢字の通用字体,
2051,留,1. 常用漢字の通用字体,
2052,竜,1. 常用漢字の通用字体,龍
2053,粒,1. 常用漢字の通用字体,
2054,隆,1. 常用漢字の通用字体,
2055,硫,1. 常用漢字の通用字体,
2056,侶,1. 常用漢字の通用字体,
2057,旅,1. 常用漢字の通用字体,
2058,虜,1. 常用漢字の通用字体,虜
2059,慮,1. 常用漢字の通用字体,
2060,了,1. 常用漢字の通用字体,
2061,両,1. 常用漢字の通用字体,
2062,良,1. 常用漢字の通用字体,
2063,料,1. 常用漢字の通用字体,
2064,涼,1. 常用漢字の通用字体,凉
2065,猟,1. 常用漢字の通用字体,
2066,陵,1. 常用漢字の通用字体,
2067,量,1. 常用漢字の通用字体,
2068,僚,1. 常用漢字の通用字体,
2069,領,1. 常用漢字の通用字体,
2070,寮,1. 常用漢字の通用字体,
2071,療,1. 常用漢字の通用字体,
2072,瞭,1. 常用漢字の通用字体,
2073,糧,1. 常用漢字の通用字体,
2074,力,1. 常用漢字の通用字体,
2075,緑,1. 常用漢字の通用字体,綠
2076,林,1. 常用漢字の通用字体,
2077,厘,1. 常用漢字の通用字体,
2078,倫,1. 常用漢字の通用字体,
2079,輪,1. 常用漢字の通用字体,
2080,隣,1. 常用漢字の通用字体,
2081,臨,1. 常用漢字の通用字体,
2082,瑠,1. 常用漢字の通用字体,
2083,涙,1. 常用漢字の通用字体,淚
2084,累,1. 常用漢字の通用字体,
2085,塁,1. 常用漢字の通用字体,壘
2086,類,1. 常用漢字の通用字体,類
2087,令,1. 常用漢字の通用字体,
2088,礼,1. 常用漢字の通用字体,禮
2089,冷,1. 常用漢字の通用字体,
2090,励,1. 常用漢字の通用字体,
2091,戻,1. 常用漢字の通用字体,
2092,例,1. 常用漢字の通用字体,
2093,鈴,1. 常用漢字の通用字体,
2094,零,1. 常用漢字の通用字体,
2095,霊,1. 常用漢字の通用字体,
2096,隷,1. 常用漢字の通用字体,
2097,齢,1. 常用漢字の通用字体,
2098,麗,1. 常用漢字の通用字体,
2099,暦,1. 常用漢字の通用字体,曆
2100,歴,1. 常用漢字の通用字体,歷
2101,列,1. 常用漢字の通用字体,
2102,劣,1. 常用漢字の通用字体,
2103,烈,1. 常用漢字の通用字体,
2104,裂,1. 常用漢字の通用字体,
2105,恋,1. 常用漢字の通用字体,
2106,連,1. 常用漢字の通用字体,
2107,廉,1. 常用漢字の通用字体,
2108,練,1. 常用漢字の通用字体,練
2109,錬,1. 常用漢字の通用字体,鍊
2110,呂,1. 常用漢字の通用字体,
2111,炉,1. 常用漢字の通用字体,
2112,賂,1. 常用漢字の通用字体,
2113,路,1. 常用漢字の通用字体,
2114,露,1. 常用漢字の通用字体,
2115,老,1. 常用漢字の通用字体,
2116,労,1. 常用漢字の通用字体,
2117,弄,1. 常用漢字の通用字体,
2118,郎,1. 常用漢字の通用字体,郞
2119,朗,1. 常用漢字の通用字体,朗
2120,浪,1. 常用漢字の通用字体,
2121,廊,1. 常用漢字の通用字体,廊
2122,楼,1. 常用漢字の通用字体,
2123,漏,1. 常用漢字の通用字体,
2124,籠,1. 常用漢字の通用字体,
2125,六,1. 常用漢字の通用字体,
2126,録,1. 常用漢字の通用字体,錄
2127,麓,1. 常用漢字の通用字体,
2128,論,1. 常用漢字の通用字体,
2129,和,1. 常用漢字の通用字体,
2130,話,1. 常用漢字の通用字体,
2131,賄,1. 常用漢字の通用字体,
2132,脇,1. 常用漢字の通用字体,
2133,惑,1. 常用漢字の通用字体,
2134,枠,1. 常用漢字の通用字体,
2135,湾,1. 常用漢字の通用字体,
2136,腕,1. 常用漢字の通用字体,
2137,亞,3. 常用漢字の異体字,亜
2138,惡,3. 常用漢字の異体字,悪
2139,爲,3. 常用漢字の異体字,為
2140,逸,3. 常用漢字の異体字,逸
2141,榮,3. 常用漢字の異体字,栄
2142,衞,3. 常用漢字の異体字,衛
2143,謁,3. 常用漢字の異体字,謁
2144,圓,3. 常用漢字の異体字,円
2145,緣,3. 常用漢字の異体字,縁
2146,薗,3. 常用漢字の異体字,園
2147,應,3. 常用漢字の異体字,応
2148,櫻,3. 常用漢字の異体字,桜
2149,奧,3. 常用漢字の異体字,奥
2150,橫,3. 常用漢字の異体字,横
2151,溫,3. 常用漢字の異体字,温
2152,價,3. 常用漢字の異体字,価
2153,禍,3. 常用漢字の異体字,禍
2154,悔,3. 常用漢字の異体字,悔
2155,海,3. 常用漢字の異体字,海
2156,壞,3. 常用漢字の異体字,壊
2157,懷,3. 常用漢字の異体字,懐
2158,樂,3. 常用漢字の異体字,楽
2159,渴,3. 常用漢字の異体字,渇
2160,卷,3. 常用漢字の異体字,巻
2161,陷,3. 常用漢字の異体字,陥
2162,寬,3. 常用漢字の異体字,寛
2163,漢,3. 常用漢字の異体字,漢
2164,氣,3. 常用漢字の異体字,気
2165,祈,3. 常用漢字の異体字,祈
2166,器,3. 常用漢字の異体字,器
2167,僞,3. 常用漢字の異体字,偽
2168,戲,3. 常用漢字の異体字,戯
2169,虛,3. 常用漢字の異体字,虚
2170,峽,3. 常用漢字の異体字,峡
2171,狹,3. 常用漢字の異体字,狭
2172,響,3. 常用漢字の異体字,響
2173,曉,3. 常用漢字の異体字,暁
2174,勤,3. 常用漢字の異体字,勤
2175,謹,3. 常用漢字の異体字,謹
2176,駈,3. 常用漢字の異体字,駆
2177,勳,3. 常用漢字の異体字,勲
2178,薰,3. 常用漢字の異体字,薫
2179,惠,3. 常用漢字の異体字,恵
2180,揭,3. 常用漢字の異体字,掲
2181,鷄,3. 常用漢字の異体字,鶏
2182,藝,3. 常用漢字の異体字,芸
2183,擊,3. 常用漢字の異体字,撃
2184,縣,3. 常用漢字の異体字,県
2185,儉,3. 常用漢字の異体字,倹
2186,劍,3. 常用漢字の異体字,剣
2187,險,3. 常用漢字の異体字,険
2188,圈,3. 常用漢字の異体字,圏
2189,檢,3. 常用漢字の異体字,検
2190,顯,3. 常用漢字の異体字,顕
2191,驗,3. 常用漢字の異体字,験
2192,嚴,3. 常用漢字の異体字,厳
2193,廣,3. 常用漢字の異体字,広
2194,恆,3. 常用漢字の異体字,恒
2195,黃,3. 常用漢字の異体字,黄
2196,國,3. 常用漢字の異体字,国
2197,黑,3. 常用漢字の異体字,黒
2198,穀,3. 常用漢字の異体字,穀
2199,碎,3. 常用漢字の異体字,砕
2200,雜,3. 常用漢字の異体字,雑
2201,祉,3. 常用漢字の異体字,祉
2202,視,3. 常用漢字の異体字,視
2203,兒,3. 常用漢字の異体字,児
2204,濕,3. 常用漢字の異体字,湿
2205,實,3. 常用漢字の異体字,実
2206,社,3. 常用漢字の異体字,社
2207,者,3. 常用漢字の異体字,者
2208,煮,3. 常用漢字の異体字,煮
2209,壽,3. 常用漢字の異体字,寿
2210,收,3. 常用漢字の異体字,収
2211,臭,3. 常用漢字の異体字,臭
2212,從,3. 常用漢字の異体字,従
2213,澁,3. 常用漢字の異体字,渋
2214,獸,3. 常用漢字の異体字,獣
2215,縱,3. 常用漢字の異体字,縦
2216,祝,3. 常用漢字の異体字,祝
2217,暑,3. 常用漢字の異体字,暑
2218,署,3. 常用漢字の異体字,署
2219,緖,3. 常用漢字の異体字,緒
2220,諸,3. 常用漢字の異体字,諸
2221,敍,3. 常用漢字の異体字,叙
2222,將,3. 常用漢字の異体字,将
2223,祥,3. 常用漢字の異体字,祥
2224,涉,3. 常用漢字の異体字,渉
2225,燒,3. 常用漢字の異体字,焼
2226,奬,3. 常用漢字の異体字,奨
2227,條,3. 常用漢字の異体字,条
2228,狀,3. 常用漢字の異体字,状
2229,乘,3. 常用漢字の異体字,乗
2230,淨,3. 常用漢字の異体字,浄
2231,剩,3. 常用漢字の異体字,剰
2232,疊,3. 常用漢字の異体字,畳
2233,孃,3. 常用漢字の異体字,嬢
2234,讓,3. 常用漢字の異体字,譲
2235,釀,3. 常用漢字の異体字,醸
2236,神,3. 常用漢字の異体字,神
2237,眞,3. 常用漢字の異体字,真
2238,寢,3. 常用漢字の異体字,寝
2239,愼,3. 常用漢字の異体字,慎
2240,盡,3. 常用漢字の異体字,尽
2241,粹,3. 常用漢字の異体字,粋
2242,醉,3. 常用漢字の異体字,酔
2243,穗,3. 常用漢字の異体字,穂
2244,瀨,3. 常用漢字の異体字,瀬
2245,齊,3. 常用漢字の異体字,斉
2246,靜,3. 常用漢字の異体字,静
2247,攝,3. 常用漢字の異体字,摂
2248,節,3. 常用漢字の異体字,節
2249,專,3. 常用漢字の異体字,専
2250,戰,3. 常用漢字の異体字,戦
2251,纖,3. 常用漢字の異体字,繊
2252,禪,3. 常用漢字の異体字,禅
2253,祖,3. 常用漢字の異体字,祖
2254,壯,3. 常用漢字の異体字,壮
2255,爭,3. 常用漢字の異体字,争
2256,莊,3. 常用漢字の異体字,荘
2257,搜,3. 常用漢字の異体字,捜
2258,巢,3. 常用漢字の異体字,巣
2259,曾,3. 常用漢字の異体字,曽
2260,裝,3. 常用漢字の異体字,装
2261,僧,3. 常用漢字の異体字,僧
2262,層,3. 常用漢字の異体字,層
2263,瘦,3. 常用漢字の異体字,痩
2264,騷,3. 常用漢字の異体字,騒
2265,增,3. 常用漢字の異体字,増
2266,憎,3. 常用漢字の異体字,憎
2267,藏,3. 常用漢字の異体字,蔵
2268,贈,3. 常用漢字の異体字,贈
2269,臟,3. 常用漢字の異体字,臓
2270,卽,3. 常用漢字の異体字,即
2271,帶,3. 常用漢字の異体字,帯
2272,滯,3. 常用漢字の異体字,滞
2273,瀧,3. 常用漢字の異体字,滝
2274,單,3. 常用漢字の異体字,単
2275,嘆,3. 常用漢字の異体字,嘆
2276,團,3. 常用漢字の異体字,団
2277,彈,3. 常用漢字の異体字,弾
2278,晝,3. 常用漢字の異体字,昼
2279,鑄,3. 常用漢字の異体字,鋳
2280,著,3. 常用漢字の異体字,著
2281,廳,3. 常用漢字の異体字,庁
2282,徵,3. 常用漢字の異体字,徴
2283,聽,3. 常用漢字の異体字,聴
2284,懲,3. 常用漢字の異体字,懲
2285,鎭,3. 常用漢字の異体字,鎮
2286,轉,3. 常用漢字の異体字,転
2287,傳,3. 常用漢字の異体字,伝
2288,都,3. 常用漢字の異体字,都
2289,嶋,3. 常用漢字の異体字,島
2290,燈,3. 常用漢字の異体字,灯
2291,盜,3. 常用漢字の異体字,盗
2292,稻,3. 常用漢字の異体字,稲
2293,德,3. 常用漢字の異体字,徳
2294,突,3. 常用漢字の異体字,突
2295,難,3. 常用漢字の異体字,難
2296,拜,3. 常用漢字の異体字,拝
2297,盃,3. 常用漢字の異体字,杯
2298,賣,3. 常用漢字の異体字,売
2299,梅,3. 常用漢字の異体字,梅
2300,髮,3. 常用漢字の異体字,髪
2301,拔,3. 常用漢字の異体字,抜
2302,繁,3. 常用漢字の異体字,繁
2303,晚,3. 常用漢字の異体字,晩
2304,卑,3. 常用漢字の異体字,卑
2305,祕,3. 常用漢字の異体字,秘
2306,碑,3. 常用漢字の異体字,碑
2307,賓,3. 常用漢字の異体字,賓
2308,敏,3. 常用漢字の異体字,敏
2309,冨,3. 常用漢字の異体字,富
2310,侮,3. 常用漢字の異体字,侮
2311,福,3. 常用漢字の異体字,福
2312,拂,3. 常用漢字の異体字,払
2313,佛,3. 常用漢字の異体字,仏
2314,勉,3. 常用漢字の異体字,勉
2315,步,3. 常用漢字の異体字,歩
2316,峯,3. 常用漢字の異体字,峰
2317,墨,3. 常用漢字の異体字,墨
2318,飜,3. 常用漢字の異体字,翻
2319,每,3. 常用漢字の異体字,毎
2320,萬,3. 常用漢字の異体字,万
2321,默,3. 常用漢字の異体字,黙
2322,埜,3. 常用漢字の異体字,野
2323,彌,3. 常用漢字の異体字,弥
2324,藥,3. 常用漢字の異体字,薬
2325,與,3. 常用漢字の異体字,与
2326,搖,3. 常用漢字の異体字,揺
2327,樣,3. 常用漢字の異体字,様
2328,謠,3. 常用漢字の異体字,謡
2329,來,3. 常用漢字の異体字,来
2330,賴,3. 常用漢字の異体字,頼
2331,覽,3. 常用漢字の異体字,覧
2332,欄,3. 常用漢字の異体字,欄
2333,龍,3. 常用漢字の異体字,竜
2334,虜,3. 常用漢字の異体字,虜
2335,凉,3. 常用漢字の異体字,涼
2336,綠,3. 常用漢字の異体字,緑
2337,淚,3. 常用漢字の異体字,涙
2338,壘,3. 常用漢字の異体字,塁
2339,類,3. 常用漢字の異体字,類
2340,禮,3. 常用漢字の異体字,礼
2341,曆,3. 常用漢字の異体字,暦
2342,歷,3. 常用漢字の異体字,歴
2343,練,3. 常用漢字の異体字,練
2344,鍊,3. 常用漢字の異体字,錬
2345,郞,3. 常用漢字の異体字,郎
2346,朗,3. 常用漢字の異体字,朗
2347,廊,3. 常用漢字の異体字,廊
2348,錄,3. 常用漢字の異体字,録
2349,丑,2. その他,
2350,丞,2. その他,
2351,乃,2. その他,
2352,之,2. その他,
2353,乎,2. その他,
2354,也,2. その他,
2355,云,2. その他,
2356,亘,2. その他,亙
2357,些,2. その他,
2358,亦,2. その他,
2359,亥,2. その他,
2360,亨,2. その他,
2361,亮,2. その他,
2362,仔,2. その他,
2363,伊,2. その他,
2364,伍,2. その他,
2365,伽,2. その他,
2366,佃,2. その他,
2367,佑,2. その他,
2368,伶,2. その他,
2369,侃,2. その他,
2370,侑,2. その他,
2371,俄,2. その他,
2372,俠,2. その他,
2373,俣,2. その他,
2374,俐,2. その他,
2375,倭,2. その他,
2376,俱,2. その他,
2377,倦,2. その他,
2378,倖,2. その他,
2379,偲,2. その他,
2380,傭,2. その他,
2381,儲,2. その他,
2382,允,2. その他,
2383,兎,2. その他,
2384,兜,2. その他,
2385,其,2. その他,
2386,冴,2. その他,
2387,凌,2. その他,
2388,凜,2. その他,凛
2389,凧,2. その他,
2390,凪,2. その他,
2391,凰,2. その他,
2392,凱,2. その他,
2393,函,2. その他,
2394,劉,2. その他,
2395,劫,2. その他,
2396,勁,2. その他,
2397,勺,2. その他,
2398,勿,2. その他,
2399,匁,2. その他,
2400,匡,2. その他,
2401,廿,2. その他,
2402,卜,2. その他,
2403,卯,2. その他,
2404,卿,2. その他,
2405,厨,2. その他,
2406,厩,2. その他,
2407,叉,2. その他,
2408,叡,2. その他,
2409,叢,2. その他,
2410,叶,2. その他,
2411,只,2. その他,
2412,吾,2. その他,
2413,吞,2. その他,
2414,吻,2. その他,
2415,哉,2. その他,
2416,哨,2. その他,
2417,啄,2. その他,
2418,哩,2. その他,
2419,喬,2. その他,
2420,喧,2. その他,
2421,喰,2. その他,
2422,喋,2. その他,
2423,嘩,2. その他,
2424,嘉,2. その他,
2425,嘗,2. その他,
2426,噌,2. その他,
2427,噂,2. その他,
2428,圃,2. その他,
2429,圭,2. その他,
2430,坐,2. その他,
2431,尭,2. その他,堯
2432,坦,2. その他,
2433,埴,2. その他,
2434,堰,2. その他,
2435,堺,2. その他,
2436,堵,2. その他,
2437,塙,2. その他,
2438,壕,2. その他,
2439,壬,2. その他,
2440,夷,2. その他,
2441,奄,2. その他,
2442,奎,2. その他,
2443,套,2. その他,
2444,娃,2. その他,
2445,姪,2. その他,
2446,姥,2. その他,
2447,娩,2. その他,
2448,嬉,2. その他,
2449,孟,2. その他,
2450,宏,2. その他,
2451,宋,2. その他,
2452,宕,2. その他,
2453,宥,2. その他,
2454,寅,2. その他,
2455,寓,2. その他,
2456,寵,2. その他,
2457,尖,2. その他,
2458,尤,2. その他,
2459,屑,2. その他,
2460,峨,2. その他,
2461,峻,2. その他,
2462,崚,2. その他,
2463,嵯,2. その他,
2464,嵩,2. その他,
2465,嶺,2. その他,
2466,巌,2. その他,巖
2467,巫,2. その他,
2468,已,2. その他,
2469,巳,2. その他,
2470,巴,2. その他,
2471,巷,2. その他,
2472,巽,2. その他,
2473,帖,2. その他,
2474,幌,2. その他,
2475,幡,2. その他,
2476,庄,2. その他,
2477,庇,2. その他,
2478,庚,2. その他,
2479,庵,2. その他,
2480,廟,2. その他,
2481,廻,2. その他,
2482,弘,2. その他,
2483,弛,2. その他,
2484,彗,2. その他,
2485,彦,2. その他,
2486,彪,2. その他,
2487,彬,2. その他,
2488,徠,2. その他,
2489,忽,2. その他,
2490,怜,2. その他,
2491,恢,2. その他,
2492,恰,2. その他,
2493,恕,2. その他,
2494,悌,2. その他,
2495,惟,2. その他,
2496,惚,2. その他,
2497,悉,2. その他,
2498,惇,2. その他,
2499,惹,2. その他,
2500,惺,2. その他,
2501,惣,2. その他,
2502,慧,2. その他,
2503,憐,2. その他,
2504,戊,2. その他,
2505,或,2. その他,
2506,戟,2. その他,
2507,托,2. その他,
2508,按,2. その他,
2509,挺,2. その他,
2510,挽,2. その他,
2511,掬,2. その他,
2512,捲,2. その他,
2513,捷,2. その他,
2514,捺,2. その他,
2515,捧,2. その他,
2516,掠,2. その他,
2517,揃,2. その他,
2518,摑,2. その他,
2519,摺,2. その他,
2520,撒,2. その他,
2521,撰,2. その他,
2522,撞,2. その他,
2523,播,2. その他,
2524,撫,2. その他,
2525,擢,2. その他,
2526,孜,2. その他,
2527,敦,2. その他,
2528,斐,2. その他,
2529,斡,2. その他,
2530,斧,2. その他,
2531,斯,2. その他,
2532,於,2. その他,
2533,旭,2. その他,
2534,昂,2. その他,
2535,昊,2. その他,
2536,昏,2. その他,
2537,昌,2. その他,
2538,昴,2. その他,
2539,晏,2. その他,
2540,晃,2. その他,晄
2541,晒,2. その他,
2542,晋,2. その他,
2543,晟,2. その他,
2544,晦,2. その他,
2545,晨,2. その他,
2546,智,2. その他,
2547,暉,2. その他,
2548,暢,2. その他,
2549,曙,2. その他,
2550,曝,2. その他,
2551,曳,2. その他,
2552,朋,2. その他,
2553,朔,2. その他,
2554,杏,2. その他,
2555,杖,2. その他,
2556,杜,2. その他,
2557,李,2. その他,
2558,杭,2. その他,
2559,杵,2. その他,
2560,杷,2. その他,
2561,枇,2. その他,
2562,柑,2. その他,
2563,柴,2. その他,
2564,柘,2. その他,
2565,柊,2. その他,
2566,柏,2. その他,
2567,柾,2. その他,
2568,柚,2. その他,
2569,桧,2. その他,檜
2570,栞,2. その他,
2571,桔,2. その他,
2572,桂,2. その他,
2573,栖,2. その他,
2574,桐,2. その他,
2575,栗,2. その他,
2576,梧,2. その他,
2577,梓,2. その他,
2578,梢,2. その他,
2579,梛,2. その他,
2580,梯,2. その他,
2581,桶,2. その他,
2582,梶,2. その他,
2583,椛,2. その他,
2584,梁,2. その他,
2585,棲,2. その他,
2586,椋,2. その他,
2587,椀,2. その他,
2588,楯,2. その他,
2589,楚,2. その他,
2590,楕,2. その他,
2591,椿,2. その他,
2592,楠,2. その他,
2593,楓,2. その他,
2594,椰,2. その他,
2595,楢,2. その他,
2596,楊,2. その他,
2597,榎,2. その他,
2598,樺,2. その他,
2599,榊,2. その他,
2600,榛,2. その他,
2601,槙,2. その他,槇
2602,槍,2. その他,
2603,槌,2. その他,
2604,樫,2. その他,
2605,槻,2. その他,
2606,樟,2. その他,
2607,樋,2. その他,
2608,橘,2. その他,
2609,樽,2. その他,
2610,橙,2. その他,
2611,檎,2. その他,
2612,檀,2. その他,
2613,櫂,2. その他,
2614,櫛,2. その他,
2615,櫓,2. その他,
2616,欣,2. その他,
2617,欽,2. その他,
2618,歎,2. その他,
2619,此,2. その他,
2620,殆,2. その他,
2621,毅,2. その他,
2622,毘,2. その他,
2623,毬,2. その他,
2624,汀,2. その他,
2625,汝,2. その他,
2626,汐,2. その他,
2627,汲,2. その他,
2628,沌,2. その他,
2629,沓,2. その他,
2630,沫,2. その他,
2631,洸,2. その他,
2632,洲,2. その他,
2633,洵,2. その他,
2634,洛,2. その他,
2635,浩,2. その他,
2636,浬,2. その他,
2637,淵,2. その他,
2638,淳,2. その他,
2639,渚,2. その他,渚
2640,淀,2. その他,
2641,淋,2. その他,
2642,渥,2. その他,
2643,渾,2. その他,
2644,湘,2. その他,
2645,湊,2. その他,
2646,湛,2. その他,
2647,溢,2. その他,
2648,滉,2. その他,
2649,溜,2. その他,
2650,漱,2. その他,
2651,漕,2. その他,
2652,漣,2. その他,
2653,澪,2. その他,
2654,濡,2. その他,
2655,瀕,2. その他,
2656,灘,2. その他,
2657,灸,2. その他,
2658,灼,2. その他,
2659,烏,2. その他,
2660,焰,2. その他,
2661,焚,2. その他,
2662,煌,2. その他,
2663,煤,2. その他,
2664,煉,2. その他,
2665,熙,2. その他,
2666,燕,2. その他,
2667,燎,2. その他,
2668,燦,2. その他,
2669,燭,2. その他,
2670,燿,2. その他,
2671,爾,2. その他,
2672,牒,2. その他,
2673,牟,2. その他,
2674,牡,2. その他,
2675,牽,2. その他,
2676,犀,2. その他,
2677,狼,2. その他,
2678,猪,2. その他,猪
2679,獅,2. その他,
2680,玖,2. その他,
2681,珂,2. その他,
2682,珈,2. その他,
2683,珊,2. その他,
2684,珀,2. その他,
2685,玲,2. その他,
2686,琢,2. その他,琢
2687,琉,2. その他,
2688,瑛,2. その他,
2689,琥,2. その他,
2690,琶,2. その他,
2691,琵,2. その他,
2692,琳,2. その他,
2693,瑚,2. その他,
2694,瑞,2. その他,
2695,瑶,2. その他,
2696,瑳,2. その他,
2697,瓜,2. その他,
2698,瓢,2. その他,
2699,甥,2. その他,
2700,甫,2. その他,
2701,畠,2. その他,
2702,畢,2. その他,
2703,疋,2. その他,
2704,疏,2. その他,
2705,皐,2. その他,
2706,皓,2. その他,
2707,眸,2. その他,
2708,瞥,2. その他,
2709,矩,2. その他,
2710,砦,2. その他,
2711,砥,2. その他,
2712,砧,2. その他,
2713,硯,2. その他,
2714,碓,2. その他,
2715,碗,2. その他,
2716,碩,2. その他,
2717,碧,2. その他,
2718,磐,2. その他,
2719,磯,2. その他,
2720,祇,2. その他,
2721,祢,2. その他,禰
2722,祐,2. その他,祐
2723,祷,2. その他,禱
2724,禄,2. その他,祿
2725,禎,2. その他,禎
2726,禽,2. その他,
2727,禾,2. その他,
2728,秦,2. その他,
2729,秤,2. その他,
2730,稀,2. その他,
2731,稔,2. その他,
2732,稟,2. その他,
2733,稜,2. その他,
2734,穣,2. その他,穰
2735,穹,2. その他,
2736,穿,2. その他,
2737,窄,2. その他,
2738,窪,2. その他,
2739,窺,2. その他,
2740,竣,2. その他,
2741,竪,2. その他,
2742,竺,2. その他,
2743,竿,2. その他,
2744,笈,2. その他,
2745,笹,2. その他,
2746,笙,2. その他,
2747,笠,2. その他,
2748,筈,2. その他,
2749,筑,2. その他,
2750,箕,2. その他,
2751,箔,2. その他,
2752,篇,2. その他,
2753,篠,2. その他,
2754,簞,2. その他,
2755,簾,2. その他,
2756,籾,2. その他,
2757,粥,2. その他,
2758,粟,2. その他,
2759,糊,2. その他,
2760,紘,2. その他,
2761,紗,2. その他,
2762,紐,2. その他,
2763,絃,2. その他,
2764,紬,2. その他,
2765,絆,2. その他,
2766,絢,2. その他,
2767,綺,2. その他,
2768,綜,2. その他,
2769,綴,2. その他,
2770,緋,2. その他,
2771,綾,2. その他,
2772,綸,2. その他,
2773,縞,2. その他,
2774,徽,2. その他,
2775,繫,2. その他,
2776,繡,2. その他,
2777,纂,2. その他,
2778,纏,2. その他,
2779,羚,2. その他,
2780,翔,2. その他,
2781,翠,2. その他,
2782,耀,2. その他,
2783,而,2. その他,
2784,耶,2. その他,
2785,耽,2. その他,
2786,聡,2. その他,
2787,肇,2. その他,
2788,肋,2. その他,
2789,肴,2. その他,
2790,胤,2. その他,
2791,胡,2. その他,
2792,脩,2. その他,
2793,腔,2. その他,
2794,脹,2. その他,
2795,膏,2. その他,
2796,臥,2. その他,
2797,舜,2. その他,
2798,舵,2. その他,
2799,芥,2. その他,
2800,芹,2. その他,
2801,芭,2. その他,
2802,芙,2. その他,
2803,芦,2. その他,
2804,苑,2. その他,
2805,茄,2. その他,
2806,苔,2. その他,
2807,苺,2. その他,
2808,茅,2. その他,
2809,茉,2. その他,
2810,茸,2. その他,
2811,茜,2. その他,
2812,莞,2. その他,
2813,荻,2. その他,
2814,莫,2. その他,
2815,莉,2. その他,
2816,菅,2. その他,
2817,菫,2. その他,
2818,菖,2. その他,
2819,萄,2. その他,
2820,菩,2. その他,
2821,萌,2. その他,萠
2822,萊,2. その他,
2823,菱,2. その他,
2824,葦,2. その他,
2825,葵,2. その他,
2826,萱,2. その他,
2827,葺,2. その他,
2828,萩,2. その他,
2829,董,2. その他,
2830,葡,2. その他,
2831,蓑,2. その他,
2832,蒔,2. その他,
2833,蒐,2. その他,
2834,蒼,2. その他,
2835,蒲,2. その他,
2836,蒙,2. その他,
2837,蓉,2. その他,
2838,蓮,2. その他,
2839,蔭,2. その他,
2840,蔣,2. その他,
2841,蔦,2. その他,
2842,蓬,2. その他,
2843,蔓,2. その他,
2844,蕎,2. その他,
2845,蕨,2. その他,
2846,蕉,2. その他,
2847,蕃,2. その他,
2848,蕪,2. その他,
2849,薙,2. その他,
2850,蕾,2. その他,
2851,蕗,2. その他,
2852,藁,2. その他,
2853,薩,2. その他,
2854,蘇,2. その他,
2855,蘭,2. その他,
2856,蝦,2. その他,
2857,蝶,2. その他,
2858,螺,2. その他,
2859,蟬,2. その他,
2860,蟹,2. その他,
2861,蠟,2. その他,
2862,衿,2. その他,
2863,袈,2. その他,
2864,袴,2. その他,
2865,裡,2. その他,
2866,裟,2. その他,
2867,裳,2. その他,
2868,襖,2. その他,
2869,訊,2. その他,
2870,訣,2. その他,
2871,註,2. その他,
2872,詢,2. その他,
2873,詫,2. その他,
2874,誼,2. その他,
2875,諏,2. その他,
2876,諄,2. その他,
2877,諒,2. その他,
2878,謂,2. その他,
2879,諺,2. その他,
2880,讃,2. その他,
2881,豹,2. その他,
2882,貰,2. その他,
2883,賑,2. その他,
2884,赳,2. その他,
2885,跨,2. その他,
2886,蹄,2. その他,
2887,蹟,2. その他,
2888,輔,2. その他,
2889,輯,2. その他,
2890,輿,2. その他,
2891,轟,2. その他,
2892,辰,2. その他,
2893,辻,2. その他,
2894,迂,2. その他,
2895,迄,2. その他,
2896,辿,2. その他,
2897,迪,2. その他,
2898,迦,2. その他,
2899,這,2. その他,
2900,逞,2. その他,
2901,逗,2. その他,
2902,逢,2. その他,
2903,遥,2. その他,遙
2904,遁,2. その他,
2905,遼,2. その他,
2906,邑,2. その他,
2907,祁,2. その他,
2908,郁,2. その他,
2909,鄭,2. その他,
2910,酉,2. その他,
2911,醇,2. その他,
2912,醐,2. その他,
2913,醍,2. その他,
2914,醬,2. その他,
2915,釉,2. その他,
2916,釘,2. その他,
2917,釧,2. その他,
2918,銑,2. その他,
2919,鋒,2. その他,
2920,鋸,2. その他,
2921,錘,2. その他,
2922,錐,2. その他,
2923,錆,2. その他,
2924,錫,2. その他,
2925,鍬,2. その他,
2926,鎧,2. その他,
2927,閃,2. その他,
2928,閏,2. その他,
2929,閤,2. その他,
2930,阿,2. その他,
2931,陀,2. その他,
2932,隈,2. その他,
2933,隼,2. その他,
2934,雀,2. その他,
2935,雁,2. その他,
2936,雛,2. その他,
2937,雫,2. その他,
2938,霞,2. その他,
2939,靖,2. その他,
2940,鞄,2. その他,
2941,鞍,2. その他,
2942,鞘,2. その他,
2943,鞠,2. その他,
2944,鞭,2. その他,
2945,頁,2. その他,
2946,頌,2. その他,
2947,頗,2. その他,
2948,顚,2. その他,
2949,颯,2. その他,
2950,饗,2. その他,
2951,馨,2. その他,
2952,馴,2. その他,
2953,馳,2. その他,
2954,駕,2. その他,
2955,駿,2. その他,
2956,驍,2. その他,
2957,魁,2. その他,
2958,魯,2. その他,
2959,鮎,2. その他,
2960,鯉,2. その他,
2961,鯛,2. その他,
2962,鰯,2. その他,
2963,鱒,2. その他,
2964,鱗,2. その他,
2965,鳩,2. その他,
2966,鳶,2. その他,
2967,鳳,2. その他,
2968,鴨,2. その他,
2969,鴻,2. その他,
2970,鵜,2. その他,
2971,鵬,2. その他,
2972,鷗,2. その他,
2973,鷲,2. その他,
2974,鷺,2. その他,
2975,鷹,2. その他,
2976,麒,2. その他,
2977,麟,2. その他,
2978,麿,2. その他,
2979,黎,2. その他,
2980,黛,2. その他,
2981,鼎,2. その他,
2982,亙,2. その他,亘
2983,凛,2. その他,凜
2984,堯,2. その他,尭
2985,巖,2. その他,巌
2986,晄,2. その他,晃
2987,檜,2. その他,桧
2988,槇,2. その他,槙
2989,渚,2. その他,渚
2990,猪,2. その他,猪
2991,琢,2. その他,琢
2992,禰,2. その他,祢
2993,祐,2. その他,祐
2994,禱,2. その他,祷
2995,祿,2. その他,禄
2996,禎,2. その他,禎
2997,穰,2. その他,穣
2998,萠,2. その他,萌
2999,遙,2. その他,遥
