漢字,区分
亜,常用漢字の通用字体
哀,常用漢字の通用字体
挨,常用漢字の通用字体
愛,常用漢字の通用字体
曖,常用漢字の通用字体
悪,常用漢字の通用字体
握,常用漢字の通用字体
圧,常用漢字の通用字体
扱,常用漢字の通用字体
宛,常用漢字の通用字体
嵐,常用漢字の通用字体
安,常用漢字の通用字体
案,常用漢字の通用字体
暗,常用漢字の通用字体
以,常用漢字の通用字体
衣,常用漢字の通用字体
位,常用漢字の通用字体
囲,常用漢字の通用字体
医,常用漢字の通用字体
依,常用漢字の通用字体
委,常用漢字の通用字体
威,常用漢字の通用字体
為,常用漢字の通用字体
畏,常用漢字の通用字体
胃,常用漢字の通用字体
尉,常用漢字の通用字体
異,常用漢字の通用字体
移,常用漢字の通用字体
萎,常用漢字の通用字体
偉,常用漢字の通用字体
椅,常用漢字の通用字体
彙,常用漢字の通用字体
意,常用漢字の通用字体
違,常用漢字の通用字体
維,常用漢字の通用字体
慰,常用漢字の通用字体
遺,常用漢字の通用字体
緯,常用漢字の通用字体
域,常用漢字の通用字体
育,常用漢字の通用字体
一,常用漢字の通用字体
壱,常用漢字の通用字体
逸,常用漢字の通用字体
茨,常用漢字の通用字体
芋,常用漢字の通用字体
引,常用漢字の通用字体
印,常用漢字の通用字体
因,常用漢字の通用字体
咽,常用漢字の通用字体
姻,常用漢字の通用字体
員,常用漢字の通用字体
院,常用漢字の通用字体
淫,常用漢字の通用字体
陰,常用漢字の通用字体
飲,常用漢字の通用字体
隠,常用漢字の通用字体
韻,常用漢字の通用字体
右,常用漢字の通用字体
宇,常用漢字の通用字体
羽,常用漢字の通用字体
雨,常用漢字の通用字体
唄,常用漢字の通用字体
鬱,常用漢字の通用字体
畝,常用漢字の通用字体
浦,常用漢字の通用字体
運,常用漢字の通用字体
雲,常用漢字の通用字体
永,常用漢字の通用字体
泳,常用漢字の通用字体
英,常用漢字の通用字体
映,常用漢字の通用字体
栄,常用漢字の通用字体
営,常用漢字の通用字体
詠,常用漢字の通用字体
影,常用漢字の通用字体
鋭,常用漢字の通用字体
衛,常用漢字の通用字体
易,常用漢字の通用字体
疫,常用漢字の通用字体
益,常用漢字の通用字体
液,常用漢字の通用字体
駅,常用漢字の通用字体
悦,常用漢字の通用字体
越,常用漢字の通用字体
謁,常用漢字の通用字体
閲,常用漢字の通用字体
円,常用漢字の通用字体
延,常用漢字の通用字体
沿,常用漢字の通用字体
炎,常用漢字の通用字体
怨,常用漢字の通用字体
宴,常用漢字の通用字体
媛,常用漢字の通用字体
援,常用漢字の通用字体
園,常用漢字の通用字体
煙,常用漢字の通用字体
猿,常用漢字の通用字体
遠,常用漢字の通用字体
鉛,常用漢字の通用字体
塩,常用漢字の通用字体
演,常用漢字の通用字体
縁,常用漢字の通用字体
艶,常用漢字の通用字体
汚,常用漢字の通用字体
王,常用漢字の通用字体
凹,常用漢字の通用字体
央,常用漢字の通用字体
応,常用漢字の通用字体
往,常用漢字の通用字体
押,常用漢字の通用字体
旺,常用漢字の通用字体
欧,常用漢字の通用字体
殴,常用漢字の通用字体
桜,常用漢字の通用字体
翁,常用漢字の通用字体
奥,常用漢字の通用字体
横,常用漢字の通用字体
岡,常用漢字の通用字体
屋,常用漢字の通用字体
億,常用漢字の通用字体
憶,常用漢字の通用字体
臆,常用漢字の通用字体
虞,常用漢字の通用字体
乙,常用漢字の通用字体
俺,常用漢字の通用字体
卸,常用漢字の通用字体
音,常用漢字の通用字体
恩,常用漢字の通用字体
温,常用漢字の通用字体
穏,常用漢字の通用字体
下,常用漢字の通用字体
化,常用漢字の通用字体
火,常用漢字の通用字体
加,常用漢字の通用字体
可,常用漢字の通用字体
仮,常用漢字の通用字体
何,常用漢字の通用字体
花,常用漢字の通用字体
佳,常用漢字の通用字体
価,常用漢字の通用字体
果,常用漢字の通用字体
河,常用漢字の通用字体
苛,常用漢字の通用字体
科,常用漢字の通用字体
架,常用漢字の通用字体
夏,常用漢字の通用字体
家,常用漢字の通用字体
荷,常用漢字の通用字体
華,常用漢字の通用字体
菓,常用漢字の通用字体
貨,常用漢字の通用字体
渦,常用漢字の通用字体
過,常用漢字の通用字体
嫁,常用漢字の通用字体
暇,常用漢字の通用字体
禍,常用漢字の通用字体
靴,常用漢字の通用字体
寡,常用漢字の通用字体
歌,常用漢字の通用字体
箇,常用漢字の通用字体
稼,常用漢字の通用字体
課,常用漢字の通用字体
蚊,常用漢字の通用字体
牙,常用漢字の通用字体
瓦,常用漢字の通用字体
我,常用漢字の通用字体
画,常用漢字の通用字体
芽,常用漢字の通用字体
賀,常用漢字の通用字体
雅,常用漢字の通用字体
餓,常用漢字の通用字体
介,常用漢字の通用字体
回,常用漢字の通用字体
灰,常用漢字の通用字体
会,常用漢字の通用字体
快,常用漢字の通用字体
戒,常用漢字の通用字体
改,常用漢字の通用字体
怪,常用漢字の通用字体
拐,常用漢字の通用字体
悔,常用漢字の通用字体
海,常用漢字の通用字体
界,常用漢字の通用字体
皆,常用漢字の通用字体
械,常用漢字の通用字体
絵,常用漢字の通用字体
開,常用漢字の通用字体
階,常用漢字の通用字体
塊,常用漢字の通用字体
楷,常用漢字の通用字体
解,常用漢字の通用字体
潰,常用漢字の通用字体
壊,常用漢字の通用字体
懐,常用漢字の通用字体
諧,常用漢字の通用字体
貝,常用漢字の通用字体
外,常用漢字の通用字体
劾,常用漢字の通用字体
害,常用漢字の通用字体
崖,常用漢字の通用字体
涯,常用漢字の通用字体
街,常用漢字の通用字体
慨,常用漢字の通用字体
蓋,常用漢字の通用字体
該,常用漢字の通用字体
概,常用漢字の通用字体
骸,常用漢字の通用字体
垣,常用漢字の通用字体
柿,常用漢字の通用字体
各,常用漢字の通用字体
角,常用漢字の通用字体
拡,常用漢字の通用字体
革,常用漢字の通用字体
格,常用漢字の通用字体
核,常用漢字の通用字体
殻,常用漢字の通用字体
郭,常用漢字の通用字体
覚,常用漢字の通用字体
較,常用漢字の通用字体
隔,常用漢字の通用字体
閣,常用漢字の通用字体
確,常用漢字の通用字体
獲,常用漢字の通用字体
嚇,常用漢字の通用字体
穫,常用漢字の通用字体
学,常用漢字の通用字体
岳,常用漢字の通用字体
楽,常用漢字の通用字体
額,常用漢字の通用字体
顎,常用漢字の通用字体
掛,常用漢字の通用字体
潟,常用漢字の通用字体
括,常用漢字の通用字体
活,常用漢字の通用字体
喝,常用漢字の通用字体
渇,常用漢字の通用字体
割,常用漢字の通用字体
葛,常用漢字の通用字体
滑,常用漢字の通用字体
褐,常用漢字の通用字体
轄,常用漢字の通用字体
且,常用漢字の通用字体
株,常用漢字の通用字体
釜,常用漢字の通用字体
鎌,常用漢字の通用字体
刈,常用漢字の通用字体
干,常用漢字の通用字体
刊,常用漢字の通用字体
甘,常用漢字の通用字体
汗,常用漢字の通用字体
缶,常用漢字の通用字体
完,常用漢字の通用字体
肝,常用漢字の通用字体
官,常用漢字の通用字体
冠,常用漢字の通用字体
巻,常用漢字の通用字体
看,常用漢字の通用字体
陥,常用漢字の通用字体
乾,常用漢字の通用字体
勘,常用漢字の通用字体
患,常用漢字の通用字体
貫,常用漢字の通用字体
寒,常用漢字の通用字体
喚,常用漢字の通用字体
堪,常用漢字の通用字体
換,常用漢字の通用字体
敢,常用漢字の通用字体
棺,常用漢字の通用字体
款,常用漢字の通用字体
間,常用漢字の通用字体
閑,常用漢字の通用字体
勧,常用漢字の通用字体
寛,常用漢字の通用字体
幹,常用漢字の通用字体
感,常用漢字の通用字体
漢,常用漢字の通用字体
慣,常用漢字の通用字体
管,常用漢字の通用字体
関,常用漢字の通用字体
歓,常用漢字の通用字体
監,常用漢字の通用字体
緩,常用漢字の通用字体
憾,常用漢字の通用字体
還,常用漢字の通用字体
館,常用漢字の通用字体
環,常用漢字の通用字体
簡,常用漢字の通用字体
観,常用漢字の通用字体
韓,常用漢字の通用字体
艦,常用漢字の通用字体
鑑,常用漢字の通用字体
丸,常用漢字の通用字体
含,常用漢字の通用字体
岸,常用漢字の通用字体
岩,常用漢字の通用字体
玩,常用漢字の通用字体
眼,常用漢字の通用字体
頑,常用漢字の通用字体
顔,常用漢字の通用字体
願,常用漢字の通用字体
企,常用漢字の通用字体
伎,常用漢字の通用字体
危,常用漢字の通用字体
机,常用漢字の通用字体
気,常用漢字の通用字体
岐,常用漢字の通用字体
希,常用漢字の通用字体
忌,常用漢字の通用字体
汽,常用漢字の通用字体
奇,常用漢字の通用字体
祈,常用漢字の通用字体
季,常用漢字の通用字体
紀,常用漢字の通用字体
軌,常用漢字の通用字体
既,常用漢字の通用字体
記,常用漢字の通用字体
起,常用漢字の通用字体
飢,常用漢字の通用字体
鬼,常用漢字の通用字体
帰,常用漢字の通用字体
基,常用漢字の通用字体
寄,常用漢字の通用字体
規,常用漢字の通用字体
亀,常用漢字の通用字体
喜,常用漢字の通用字体
幾,常用漢字の通用字体
揮,常用漢字の通用字体
期,常用漢字の通用字体
棋,常用漢字の通用字体
貴,常用漢字の通用字体
棄,常用漢字の通用字体
毀,常用漢字の通用字体
旗,常用漢字の通用字体
器,常用漢字の通用字体
畿,常用漢字の通用字体
輝,常用漢字の通用字体
機,常用漢字の通用字体
騎,常用漢字の通用字体
技,常用漢字の通用字体
宜,常用漢字の通用字体
偽,常用漢字の通用字体
欺,常用漢字の通用字体
義,常用漢字の通用字体
疑,常用漢字の通用字体
儀,常用漢字の通用字体
戯,常用漢字の通用字体
擬,常用漢字の通用字体
犠,常用漢字の通用字体
議,常用漢字の通用字体
菊,常用漢字の通用字体
吉,常用漢字の通用字体
喫,常用漢字の通用字体
詰,常用漢字の通用字体
却,常用漢字の通用字体
客,常用漢字の通用字体
脚,常用漢字の通用字体
逆,常用漢字の通用字体
虐,常用漢字の通用字体
九,常用漢字の通用字体
久,常用漢字の通用字体
及,常用漢字の通用字体
弓,常用漢字の通用字体
丘,常用漢字の通用字体
旧,常用漢字の通用字体
休,常用漢字の通用字体
吸,常用漢字の通用字体
朽,常用漢字の通用字体
臼,常用漢字の通用字体
求,常用漢字の通用字体
究,常用漢字の通用字体
泣,常用漢字の通用字体
急,常用漢字の通用字体
級,常用漢字の通用字体
糾,常用漢字の通用字体
宮,常用漢字の通用字体
救,常用漢字の通用字体
球,常用漢字の通用字体
給,常用漢字の通用字体
嗅,常用漢字の通用字体
窮,常用漢字の通用字体
牛,常用漢字の通用字体
去,常用漢字の通用字体
巨,常用漢字の通用字体
居,常用漢字の通用字体
拒,常用漢字の通用字体
拠,常用漢字の通用字体
挙,常用漢字の通用字体
虚,常用漢字の通用字体
許,常用漢字の通用字体
距,常用漢字の通用字体
魚,常用漢字の通用字体
御,常用漢字の通用字体
漁,常用漢字の通用字体
凶,常用漢字の通用字体
共,常用漢字の通用字体
叫,常用漢字の通用字体
狂,常用漢字の通用字体
京,常用漢字の通用字体
享,常用漢字の通用字体
供,常用漢字の通用字体
協,常用漢字の通用字体
況,常用漢字の通用字体
峡,常用漢字の通用字体
挟,常用漢字の通用字体
狭,常用漢字の通用字体
恐,常用漢字の通用字体
恭,常用漢字の通用字体
胸,常用漢字の通用字体
脅,常用漢字の通用字体
強,常用漢字の通用字体
教,常用漢字の通用字体
郷,常用漢字の通用字体
境,常用漢字の通用字体
橋,常用漢字の通用字体
矯,常用漢字の通用字体
鏡,常用漢字の通用字体
競,常用漢字の通用字体
響,常用漢字の通用字体
驚,常用漢字の通用字体
仰,常用漢字の通用字体
暁,常用漢字の通用字体
業,常用漢字の通用字体
凝,常用漢字の通用字体
曲,常用漢字の通用字体
局,常用漢字の通用字体
極,常用漢字の通用字体
玉,常用漢字の通用字体
巾,常用漢字の通用字体
斤,常用漢字の通用字体
均,常用漢字の通用字体
近,常用漢字の通用字体
金,常用漢字の通用字体
菌,常用漢字の通用字体
勤,常用漢字の通用字体
琴,常用漢字の通用字体
筋,常用漢字の通用字体
僅,常用漢字の通用字体
禁,常用漢字の通用字体
緊,常用漢字の通用字体
錦,常用漢字の通用字体
謹,常用漢字の通用字体
襟,常用漢字の通用字体
吟,常用漢字の通用字体
銀,常用漢字の通用字体
区,常用漢字の通用字体
句,常用漢字の通用字体
苦,常用漢字の通用字体
駆,常用漢字の通用字体
具,常用漢字の通用字体
惧,常用漢字の通用字体
愚,常用漢字の通用字体
空,常用漢字の通用字体
偶,常用漢字の通用字体
遇,常用漢字の通用字体
隅,常用漢字の通用字体
串,常用漢字の通用字体
屈,常用漢字の通用字体
掘,常用漢字の通用字体
窟,常用漢字の通用字体
熊,常用漢字の通用字体
繰,常用漢字の通用字体
君,常用漢字の通用字体
訓,常用漢字の通用字体
勲,常用漢字の通用字体
薫,常用漢字の通用字体
軍,常用漢字の通用字体
郡,常用漢字の通用字体
群,常用漢字の通用字体
兄,常用漢字の通用字体
刑,常用漢字の通用字体
形,常用漢字の通用字体
系,常用漢字の通用字体
径,常用漢字の通用字体
茎,常用漢字の通用字体
係,常用漢字の通用字体
型,常用漢字の通用字体
契,常用漢字の通用字体
計,常用漢字の通用字体
恵,常用漢字の通用字体
啓,常用漢字の通用字体
掲,常用漢字の通用字体
渓,常用漢字の通用字体
経,常用漢字の通用字体
蛍,常用漢字の通用字体
敬,常用漢字の通用字体
景,常用漢字の通用字体
軽,常用漢字の通用字体
傾,常用漢字の通用字体
携,常用漢字の通用字体
継,常用漢字の通用字体
詣,常用漢字の通用字体
慶,常用漢字の通用字体
憬,常用漢字の通用字体
稽,常用漢字の通用字体
憩,常用漢字の通用字体
警,常用漢字の通用字体
鶏,常用漢字の通用字体
芸,常用漢字の通用字体
迎,常用漢字の通用字体
鯨,常用漢字の通用字体
隙,常用漢字の通用字体
劇,常用漢字の通用字体
撃,常用漢字の通用字体
激,常用漢字の通用字体
桁,常用漢字の通用字体
欠,常用漢字の通用字体
穴,常用漢字の通用字体
血,常用漢字の通用字体
決,常用漢字の通用字体
結,常用漢字の通用字体
傑,常用漢字の通用字体
潔,常用漢字の通用字体
月,常用漢字の通用字体
犬,常用漢字の通用字体
件,常用漢字の通用字体
見,常用漢字の通用字体
券,常用漢字の通用字体
肩,常用漢字の通用字体
建,常用漢字の通用字体
研,常用漢字の通用字体
県,常用漢字の通用字体
倹,常用漢字の通用字体
兼,常用漢字の通用字体
剣,常用漢字の通用字体
拳,常用漢字の通用字体
軒,常用漢字の通用字体
健,常用漢字の通用字体
険,常用漢字の通用字体
圏,常用漢字の通用字体
堅,常用漢字の通用字体
検,常用漢字の通用字体
嫌,常用漢字の通用字体
献,常用漢字の通用字体
絹,常用漢字の通用字体
遣,常用漢字の通用字体
権,常用漢字の通用字体
憲,常用漢字の通用字体
賢,常用漢字の通用字体
謙,常用漢字の通用字体
鍵,常用漢字の通用字体
繭,常用漢字の通用字体
顕,常用漢字の通用字体
験,常用漢字の通用字体
懸,常用漢字の通用字体
元,常用漢字の通用字体
幻,常用漢字の通用字体
玄,常用漢字の通用字体
言,常用漢字の通用字体
弦,常用漢字の通用字体
限,常用漢字の通用字体
原,常用漢字の通用字体
現,常用漢字の通用字体
舷,常用漢字の通用字体
減,常用漢字の通用字体
源,常用漢字の通用字体
厳,常用漢字の通用字体
己,常用漢字の通用字体
戸,常用漢字の通用字体
古,常用漢字の通用字体
呼,常用漢字の通用字体
固,常用漢字の通用字体
股,常用漢字の通用字体
虎,常用漢字の通用字体
孤,常用漢字の通用字体
弧,常用漢字の通用字体
故,常用漢字の通用字体
枯,常用漢字の通用字体
個,常用漢字の通用字体
庫,常用漢字の通用字体
湖,常用漢字の通用字体
雇,常用漢字の通用字体
誇,常用漢字の通用字体
鼓,常用漢字の通用字体
錮,常用漢字の通用字体
顧,常用漢字の通用字体
五,常用漢字の通用字体
互,常用漢字の通用字体
午,常用漢字の通用字体
呉,常用漢字の通用字体
後,常用漢字の通用字体
娯,常用漢字の通用字体
悟,常用漢字の通用字体
碁,常用漢字の通用字体
語,常用漢字の通用字体
誤,常用漢字の通用字体
護,常用漢字の通用字体
口,常用漢字の通用字体
工,常用漢字の通用字体
公,常用漢字の通用字体
勾,常用漢字の通用字体
孔,常用漢字の通用字体
功,常用漢字の通用字体
巧,常用漢字の通用字体
広,常用漢字の通用字体
甲,常用漢字の通用字体
交,常用漢字の通用字体
光,常用漢字の通用字体
向,常用漢字の通用字体
后,常用漢字の通用字体
好,常用漢字の通用字体
江,常用漢字の通用字体
考,常用漢字の通用字体
行,常用漢字の通用字体
坑,常用漢字の通用字体
孝,常用漢字の通用字体
抗,常用漢字の通用字体
攻,常用漢字の通用字体
更,常用漢字の通用字体
効,常用漢字の通用字体
幸,常用漢字の通用字体
拘,常用漢字の通用字体
肯,常用漢字の通用字体
侯,常用漢字の通用字体
厚,常用漢字の通用字体
恒,常用漢字の通用字体
洪,常用漢字の通用字体
皇,常用漢字の通用字体
紅,常用漢字の通用字体
荒,常用漢字の通用字体
郊,常用漢字の通用字体
香,常用漢字の通用字体
候,常用漢字の通用字体
校,常用漢字の通用字体
耕,常用漢字の通用字体
航,常用漢字の通用字体
貢,常用漢字の通用字体
降,常用漢字の通用字体
高,常用漢字の通用字体
康,常用漢字の通用字体
控,常用漢字の通用字体
梗,常用漢字の通用字体
黄,常用漢字の通用字体
喉,常用漢字の通用字体
慌,常用漢字の通用字体
港,常用漢字の通用字体
硬,常用漢字の通用字体
絞,常用漢字の通用字体
項,常用漢字の通用字体
溝,常用漢字の通用字体
鉱,常用漢字の通用字体
構,常用漢字の通用字体
綱,常用漢字の通用字体
酵,常用漢字の通用字体
稿,常用漢字の通用字体
興,常用漢字の通用字体
衡,常用漢字の通用字体
鋼,常用漢字の通用字体
講,常用漢字の通用字体
購,常用漢字の通用字体
乞,常用漢字の通用字体
号,常用漢字の通用字体
合,常用漢字の通用字体
拷,常用漢字の通用字体
剛,常用漢字の通用字体
傲,常用漢字の通用字体
豪,常用漢字の通用字体
克,常用漢字の通用字体
告,常用漢字の通用字体
谷,常用漢字の通用字体
刻,常用漢字の通用字体
国,常用漢字の通用字体
黒,常用漢字の通用字体
穀,常用漢字の通用字体
酷,常用漢字の通用字体
獄,常用漢字の通用字体
骨,常用漢字の通用字体
駒,常用漢字の通用字体
込,常用漢字の通用字体
頃,常用漢字の通用字体
今,常用漢字の通用字体
困,常用漢字の通用字体
昆,常用漢字の通用字体
恨,常用漢字の通用字体
根,常用漢字の通用字体
婚,常用漢字の通用字体
混,常用漢字の通用字体
痕,常用漢字の通用字体
紺,常用漢字の通用字体
魂,常用漢字の通用字体
墾,常用漢字の通用字体
懇,常用漢字の通用字体
左,常用漢字の通用字体
佐,常用漢字の通用字体
沙,常用漢字の通用字体
査,常用漢字の通用字体
砂,常用漢字の通用字体
唆,常用漢字の通用字体
差,常用漢字の通用字体
詐,常用漢字の通用字体
鎖,常用漢字の通用字体
座,常用漢字の通用字体
挫,常用漢字の通用字体
才,常用漢字の通用字体
再,常用漢字の通用字体
災,常用漢字の通用字体
妻,常用漢字の通用字体
采,常用漢字の通用字体
砕,常用漢字の通用字体
宰,常用漢字の通用字体
栽,常用漢字の通用字体
彩,常用漢字の通用字体
採,常用漢字の通用字体
済,常用漢字の通用字体
祭,常用漢字の通用字体
斎,常用漢字の通用字体
細,常用漢字の通用字体
菜,常用漢字の通用字体
最,常用漢字の通用字体
裁,常用漢字の通用字体
債,常用漢字の通用字体
催,常用漢字の通用字体
塞,常用漢字の通用字体
歳,常用漢字の通用字体
載,常用漢字の通用字体
際,常用漢字の通用字体
埼,常用漢字の通用字体
在,常用漢字の通用字体
材,常用漢字の通用字体
剤,常用漢字の通用字体
財,常用漢字の通用字体
罪,常用漢字の通用字体
崎,常用漢字の通用字体
作,常用漢字の通用字体
削,常用漢字の通用字体
昨,常用漢字の通用字体
柵,常用漢字の通用字体
索,常用漢字の通用字体
策,常用漢字の通用字体
酢,常用漢字の通用字体
搾,常用漢字の通用字体
錯,常用漢字の通用字体
咲,常用漢字の通用字体
冊,常用漢字の通用字体
札,常用漢字の通用字体
刷,常用漢字の通用字体
刹,常用漢字の通用字体
拶,常用漢字の通用字体
殺,常用漢字の通用字体
察,常用漢字の通用字体
撮,常用漢字の通用字体
擦,常用漢字の通用字体
雑,常用漢字の通用字体
皿,常用漢字の通用字体
三,常用漢字の通用字体
山,常用漢字の通用字体
参,常用漢字の通用字体
桟,常用漢字の通用字体
蚕,常用漢字の通用字体
惨,常用漢字の通用字体
産,常用漢字の通用字体
傘,常用漢字の通用字体
散,常用漢字の通用字体
算,常用漢字の通用字体
酸,常用漢字の通用字体
賛,常用漢字の通用字体
残,常用漢字の通用字体
斬,常用漢字の通用字体
暫,常用漢字の通用字体
士,常用漢字の通用字体
子,常用漢字の通用字体
支,常用漢字の通用字体
止,常用漢字の通用字体
氏,常用漢字の通用字体
仕,常用漢字の通用字体
史,常用漢字の通用字体
司,常用漢字の通用字体
四,常用漢字の通用字体
市,常用漢字の通用字体
矢,常用漢字の通用字体
旨,常用漢字の通用字体
死,常用漢字の通用字体
糸,常用漢字の通用字体
至,常用漢字の通用字体
伺,常用漢字の通用字体
志,常用漢字の通用字体
私,常用漢字の通用字体
使,常用漢字の通用字体
刺,常用漢字の通用字体
始,常用漢字の通用字体
姉,常用漢字の通用字体
枝,常用漢字の通用字体
祉,常用漢字の通用字体
肢,常用漢字の通用字体
姿,常用漢字の通用字体
思,常用漢字の通用字体
指,常用漢字の通用字体
施,常用漢字の通用字体
師,常用漢字の通用字体
恣,常用漢字の通用字体
紙,常用漢字の通用字体
脂,常用漢字の通用字体
視,常用漢字の通用字体
紫,常用漢字の通用字体
詞,常用漢字の通用字体
歯,常用漢字の通用字体
嗣,常用漢字の通用字体
試,常用漢字の通用字体
詩,常用漢字の通用字体
資,常用漢字の通用字体
飼,常用漢字の通用字体
誌,常用漢字の通用字体
雌,常用漢字の通用字体
摯,常用漢字の通用字体
賜,常用漢字の通用字体
諮,常用漢字の通用字体
示,常用漢字の通用字体
字,常用漢字の通用字体
寺,常用漢字の通用字体
次,常用漢字の通用字体
耳,常用漢字の通用字体
自,常用漢字の通用字体
似,常用漢字の通用字体
児,常用漢字の通用字体
事,常用漢字の通用字体
侍,常用漢字の通用字体
治,常用漢字の通用字体
持,常用漢字の通用字体
時,常用漢字の通用字体
滋,常用漢字の通用字体
慈,常用漢字の通用字体
辞,常用漢字の通用字体
磁,常用漢字の通用字体
餌,常用漢字の通用字体
璽,常用漢字の通用字体
鹿,常用漢字の通用字体
式,常用漢字の通用字体
識,常用漢字の通用字体
軸,常用漢字の通用字体
七,常用漢字の通用字体
叱,常用漢字の通用字体
失,常用漢字の通用字体
室,常用漢字の通用字体
疾,常用漢字の通用字体
執,常用漢字の通用字体
湿,常用漢字の通用字体
嫉,常用漢字の通用字体
漆,常用漢字の通用字体
質,常用漢字の通用字体
実,常用漢字の通用字体
芝,常用漢字の通用字体
写,常用漢字の通用字体
社,常用漢字の通用字体
車,常用漢字の通用字体
舎,常用漢字の通用字体
者,常用漢字の通用字体
射,常用漢字の通用字体
捨,常用漢字の通用字体
赦,常用漢字の通用字体
斜,常用漢字の通用字体
煮,常用漢字の通用字体
遮,常用漢字の通用字体
謝,常用漢字の通用字体
邪,常用漢字の通用字体
蛇,常用漢字の通用字体
尺,常用漢字の通用字体
借,常用漢字の通用字体
酌,常用漢字の通用字体
釈,常用漢字の通用字体
爵,常用漢字の通用字体
若,常用漢字の通用字体
弱,常用漢字の通用字体
寂,常用漢字の通用字体
手,常用漢字の通用字体
主,常用漢字の通用字体
守,常用漢字の通用字体
朱,常用漢字の通用字体
取,常用漢字の通用字体
狩,常用漢字の通用字体
首,常用漢字の通用字体
殊,常用漢字の通用字体
珠,常用漢字の通用字体
酒,常用漢字の通用字体
腫,常用漢字の通用字体
種,常用漢字の通用字体
趣,常用漢字の通用字体
寿,常用漢字の通用字体
受,常用漢字の通用字体
呪,常用漢字の通用字体
授,常用漢字の通用字体
需,常用漢字の通用字体
儒,常用漢字の通用字体
樹,常用漢字の通用字体
収,常用漢字の通用字体
囚,常用漢字の通用字体
州,常用漢字の通用字体
舟,常用漢字の通用字体
秀,常用漢字の通用字体
周,常用漢字の通用字体
宗,常用漢字の通用字体
拾,常用漢字の通用字体
秋,常用漢字の通用字体
臭,常用漢字の通用字体
修,常用漢字の通用字体
袖,常用漢字の通用字体
終,常用漢字の通用字体
羞,常用漢字の通用字体
習,常用漢字の通用字体
週,常用漢字の通用字体
就,常用漢字の通用字体
衆,常用漢字の通用字体
集,常用漢字の通用字体
愁,常用漢字の通用字体
酬,常用漢字の通用字体
醜,常用漢字の通用字体
蹴,常用漢字の通用字体
襲,常用漢字の通用字体
十,常用漢字の通用字体
汁,常用漢字の通用字体
充,常用漢字の通用字体
住,常用漢字の通用字体
柔,常用漢字の通用字体
重,常用漢字の通用字体
従,常用漢字の通用字体
渋,常用漢字の通用字体
銃,常用漢字の通用字体
獣,常用漢字の通用字体
縦,常用漢字の通用字体
叔,常用漢字の通用字体
祝,常用漢字の通用字体
宿,常用漢字の通用字体
淑,常用漢字の通用字体
粛,常用漢字の通用字体
縮,常用漢字の通用字体
塾,常用漢字の通用字体
熟,常用漢字の通用字体
出,常用漢字の通用字体
述,常用漢字の通用字体
術,常用漢字の通用字体
俊,常用漢字の通用字体
春,常用漢字の通用字体
瞬,常用漢字の通用字体
旬,常用漢字の通用字体
巡,常用漢字の通用字体
盾,常用漢字の通用字体
准,常用漢字の通用字体
殉,常用漢字の通用字体
純,常用漢字の通用字体
循,常用漢字の通用字体
順,常用漢字の通用字体
準,常用漢字の通用字体
潤,常用漢字の通用字体
遵,常用漢字の通用字体
処,常用漢字の通用字体
初,常用漢字の通用字体
所,常用漢字の通用字体
書,常用漢字の通用字体
庶,常用漢字の通用字体
暑,常用漢字の通用字体
署,常用漢字の通用字体
緒,常用漢字の通用字体
諸,常用漢字の通用字体
女,常用漢字の通用字体
如,常用漢字の通用字体
助,常用漢字の通用字体
序,常用漢字の通用字体
叙,常用漢字の通用字体
徐,常用漢字の通用字体
除,常用漢字の通用字体
小,常用漢字の通用字体
升,常用漢字の通用字体
少,常用漢字の通用字体
召,常用漢字の通用字体
匠,常用漢字の通用字体
床,常用漢字の通用字体
抄,常用漢字の通用字体
肖,常用漢字の通用字体
尚,常用漢字の通用字体
招,常用漢字の通用字体
承,常用漢字の通用字体
昇,常用漢字の通用字体
松,常用漢字の通用字体
沼,常用漢字の通用字体
昭,常用漢字の通用字体
宵,常用漢字の通用字体
将,常用漢字の通用字体
消,常用漢字の通用字体
症,常用漢字の通用字体
祥,常用漢字の通用字体
称,常用漢字の通用字体
笑,常用漢字の通用字体
唱,常用漢字の通用字体
商,常用漢字の通用字体
渉,常用漢字の通用字体
章,常用漢字の通用字体
紹,常用漢字の通用字体
訟,常用漢字の通用字体
勝,常用漢字の通用字体
掌,常用漢字の通用字体
晶,常用漢字の通用字体
焼,常用漢字の通用字体
焦,常用漢字の通用字体
硝,常用漢字の通用字体
粧,常用漢字の通用字体
詔,常用漢字の通用字体
証,常用漢字の通用字体
象,常用漢字の通用字体
傷,常用漢字の通用字体
奨,常用漢字の通用字体
照,常用漢字の通用字体
詳,常用漢字の通用字体
彰,常用漢字の通用字体
障,常用漢字の通用字体
憧,常用漢字の通用字体
衝,常用漢字の通用字体
賞,常用漢字の通用字体
償,常用漢字の通用字体
礁,常用漢字の通用字体
鐘,常用漢字の通用字体
上,常用漢字の通用字体
丈,常用漢字の通用字体
冗,常用漢字の通用字体
条,常用漢字の通用字体
状,常用漢字の通用字体
乗,常用漢字の通用字体
城,常用漢字の通用字体
浄,常用漢字の通用字体
剰,常用漢字の通用字体
常,常用漢字の通用字体
情,常用漢字の通用字体
場,常用漢字の通用字体
畳,常用漢字の通用字体
蒸,常用漢字の通用字体
縄,常用漢字の通用字体
壌,常用漢字の通用字体
嬢,常用漢字の通用字体
錠,常用漢字の通用字体
譲,常用漢字の通用字体
醸,常用漢字の通用字体
色,常用漢字の通用字体
拭,常用漢字の通用字体
食,常用漢字の通用字体
植,常用漢字の通用字体
殖,常用漢字の通用字体
飾,常用漢字の通用字体
触,常用漢字の通用字体
嘱,常用漢字の通用字体
織,常用漢字の通用字体
職,常用漢字の通用字体
辱,常用漢字の通用字体
尻,常用漢字の通用字体
心,常用漢字の通用字体
申,常用漢字の通用字体
伸,常用漢字の通用字体
臣,常用漢字の通用字体
芯,常用漢字の通用字体
身,常用漢字の通用字体
辛,常用漢字の通用字体
侵,常用漢字の通用字体
信,常用漢字の通用字体
津,常用漢字の通用字体
神,常用漢字の通用字体
唇,常用漢字の通用字体
娠,常用漢字の通用字体
振,常用漢字の通用字体
浸,常用漢字の通用字体
真,常用漢字の通用字体
針,常用漢字の通用字体
深,常用漢字の通用字体
紳,常用漢字の通用字体
進,常用漢字の通用字体
森,常用漢字の通用字体
診,常用漢字の通用字体
寝,常用漢字の通用字体
慎,常用漢字の通用字体
新,常用漢字の通用字体
審,常用漢字の通用字体
震,常用漢字の通用字体
薪,常用漢字の通用字体
親,常用漢字の通用字体
人,常用漢字の通用字体
刃,常用漢字の通用字体
仁,常用漢字の通用字体
尽,常用漢字の通用字体
迅,常用漢字の通用字体
甚,常用漢字の通用字体
陣,常用漢字の通用字体
尋,常用漢字の通用字体
腎,常用漢字の通用字体
須,常用漢字の通用字体
図,常用漢字の通用字体
水,常用漢字の通用字体
吹,常用漢字の通用字体
垂,常用漢字の通用字体
炊,常用漢字の通用字体
帥,常用漢字の通用字体
粋,常用漢字の通用字体
衰,常用漢字の通用字体
推,常用漢字の通用字体
酔,常用漢字の通用字体
遂,常用漢字の通用字体
睡,常用漢字の通用字体
穂,常用漢字の通用字体
随,常用漢字の通用字体
髄,常用漢字の通用字体
枢,常用漢字の通用字体
崇,常用漢字の通用字体
数,常用漢字の通用字体
据,常用漢字の通用字体
杉,常用漢字の通用字体
裾,常用漢字の通用字体
寸,常用漢字の通用字体
瀬,常用漢字の通用字体
是,常用漢字の通用字体
井,常用漢字の通用字体
世,常用漢字の通用字体
正,常用漢字の通用字体
生,常用漢字の通用字体
成,常用漢字の通用字体
西,常用漢字の通用字体
声,常用漢字の通用字体
制,常用漢字の通用字体
姓,常用漢字の通用字体
征,常用漢字の通用字体
性,常用漢字の通用字体
青,常用漢字の通用字体
斉,常用漢字の通用字体
政,常用漢字の通用字体
星,常用漢字の通用字体
牲,常用漢字の通用字体
省,常用漢字の通用字体
凄,常用漢字の通用字体
逝,常用漢字の通用字体
清,常用漢字の通用字体
盛,常用漢字の通用字体
婿,常用漢字の通用字体
晴,常用漢字の通用字体
勢,常用漢字の通用字体
聖,常用漢字の通用字体
誠,常用漢字の通用字体
精,常用漢字の通用字体
製,常用漢字の通用字体
誓,常用漢字の通用字体
静,常用漢字の通用字体
請,常用漢字の通用字体
整,常用漢字の通用字体
醒,常用漢字の通用字体
税,常用漢字の通用字体
夕,常用漢字の通用字体
斥,常用漢字の通用字体
石,常用漢字の通用字体
赤,常用漢字の通用字体
昔,常用漢字の通用字体
析,常用漢字の通用字体
席,常用漢字の通用字体
脊,常用漢字の通用字体
隻,常用漢字の通用字体
惜,常用漢字の通用字体
戚,常用漢字の通用字体
責,常用漢字の通用字体
跡,常用漢字の通用字体
積,常用漢字の通用字体
績,常用漢字の通用字体
籍,常用漢字の通用字体
切,常用漢字の通用字体
折,常用漢字の通用字体
拙,常用漢字の通用字体
窃,常用漢字の通用字体
接,常用漢字の通用字体
設,常用漢字の通用字体
雪,常用漢字の通用字体
摂,常用漢字の通用字体
節,常用漢字の通用字体
説,常用漢字の通用字体
舌,常用漢字の通用字体
絶,常用漢字の通用字体
千,常用漢字の通用字体
川,常用漢字の通用字体
仙,常用漢字の通用字体
占,常用漢字の通用字体
先,常用漢字の通用字体
宣,常用漢字の通用字体
専,常用漢字の通用字体
泉,常用漢字の通用字体
浅,常用漢字の通用字体
洗,常用漢字の通用字体
染,常用漢字の通用字体
扇,常用漢字の通用字体
栓,常用漢字の通用字体
旋,常用漢字の通用字体
船,常用漢字の通用字体
戦,常用漢字の通用字体
煎,常用漢字の通用字体
羨,常用漢字の通用字体
腺,常用漢字の通用字体
詮,常用漢字の通用字体
践,常用漢字の通用字体
箋,常用漢字の通用字体
銭,常用漢字の通用字体
潜,常用漢字の通用字体
線,常用漢字の通用字体
遷,常用漢字の通用字体
選,常用漢字の通用字体
薦,常用漢字の通用字体
繊,常用漢字の通用字体
鮮,常用漢字の通用字体
全,常用漢字の通用字体
前,常用漢字の通用字体
善,常用漢字の通用字体
然,常用漢字の通用字体
禅,常用漢字の通用字体
漸,常用漢字の通用字体
膳,常用漢字の通用字体
繕,常用漢字の通用字体
狙,常用漢字の通用字体
阻,常用漢字の通用字体
祖,常用漢字の通用字体
租,常用漢字の通用字体
素,常用漢字の通用字体
措,常用漢字の通用字体
粗,常用漢字の通用字体
組,常用漢字の通用字体
疎,常用漢字の通用字体
訴,常用漢字の通用字体
塑,常用漢字の通用字体
遡,常用漢字の通用字体
礎,常用漢字の通用字体
双,常用漢字の通用字体
壮,常用漢字の通用字体
早,常用漢字の通用字体
争,常用漢字の通用字体
走,常用漢字の通用字体
奏,常用漢字の通用字体
相,常用漢字の通用字体
荘,常用漢字の通用字体
草,常用漢字の通用字体
送,常用漢字の通用字体
倉,常用漢字の通用字体
捜,常用漢字の通用字体
挿,常用漢字の通用字体
桑,常用漢字の通用字体
巣,常用漢字の通用字体
掃,常用漢字の通用字体
曹,常用漢字の通用字体
曽,常用漢字の通用字体
爽,常用漢字の通用字体
窓,常用漢字の通用字体
創,常用漢字の通用字体
喪,常用漢字の通用字体
痩,常用漢字の通用字体
葬,常用漢字の通用字体
装,常用漢字の通用字体
僧,常用漢字の通用字体
想,常用漢字の通用字体
層,常用漢字の通用字体
総,常用漢字の通用字体
遭,常用漢字の通用字体
槽,常用漢字の通用字体
踪,常用漢字の通用字体
操,常用漢字の通用字体
燥,常用漢字の通用字体
霜,常用漢字の通用字体
騒,常用漢字の通用字体
藻,常用漢字の通用字体
造,常用漢字の通用字体
像,常用漢字の通用字体
増,常用漢字の通用字体
憎,常用漢字の通用字体
蔵,常用漢字の通用字体
贈,常用漢字の通用字体
臓,常用漢字の通用字体
即,常用漢字の通用字体
束,常用漢字の通用字体
足,常用漢字の通用字体
促,常用漢字の通用字体
則,常用漢字の通用字体
息,常用漢字の通用字体
捉,常用漢字の通用字体
速,常用漢字の通用字体
側,常用漢字の通用字体
測,常用漢字の通用字体
俗,常用漢字の通用字体
族,常用漢字の通用字体
属,常用漢字の通用字体
賊,常用漢字の通用字体
続,常用漢字の通用字体
卒,常用漢字の通用字体
率,常用漢字の通用字体
存,常用漢字の通用字体
村,常用漢字の通用字体
孫,常用漢字の通用字体
尊,常用漢字の通用字体
損,常用漢字の通用字体
遜,常用漢字の通用字体
他,常用漢字の通用字体
多,常用漢字の通用字体
汰,常用漢字の通用字体
打,常用漢字の通用字体
妥,常用漢字の通用字体
唾,常用漢字の通用字体
堕,常用漢字の通用字体
惰,常用漢字の通用字体
駄,常用漢字の通用字体
太,常用漢字の通用字体
対,常用漢字の通用字体
体,常用漢字の通用字体
耐,常用漢字の通用字体
待,常用漢字の通用字体
怠,常用漢字の通用字体
胎,常用漢字の通用字体
退,常用漢字の通用字体
帯,常用漢字の通用字体
泰,常用漢字の通用字体
堆,常用漢字の通用字体
袋,常用漢字の通用字体
逮,常用漢字の通用字体
替,常用漢字の通用字体
貸,常用漢字の通用字体
隊,常用漢字の通用字体
滞,常用漢字の通用字体
態,常用漢字の通用字体
戴,常用漢字の通用字体
大,常用漢字の通用字体
代,常用漢字の通用字体
台,常用漢字の通用字体
第,常用漢字の通用字体
題,常用漢字の通用字体
滝,常用漢字の通用字体
宅,常用漢字の通用字体
択,常用漢字の通用字体
沢,常用漢字の通用字体
卓,常用漢字の通用字体
拓,常用漢字の通用字体
託,常用漢字の通用字体
濯,常用漢字の通用字体
諾,常用漢字の通用字体
濁,常用漢字の通用字体
但,常用漢字の通用字体
達,常用漢字の通用字体
脱,常用漢字の通用字体
奪,常用漢字の通用字体
棚,常用漢字の通用字体
誰,常用漢字の通用字体
丹,常用漢字の通用字体
旦,常用漢字の通用字体
担,常用漢字の通用字体
単,常用漢字の通用字体
炭,常用漢字の通用字体
胆,常用漢字の通用字体
探,常用漢字の通用字体
淡,常用漢字の通用字体
短,常用漢字の通用字体
嘆,常用漢字の通用字体
端,常用漢字の通用字体
綻,常用漢字の通用字体
誕,常用漢字の通用字体
鍛,常用漢字の通用字体
団,常用漢字の通用字体
男,常用漢字の通用字体
段,常用漢字の通用字体
断,常用漢字の通用字体
弾,常用漢字の通用字体
暖,常用漢字の通用字体
談,常用漢字の通用字体
壇,常用漢字の通用字体
地,常用漢字の通用字体
池,常用漢字の通用字体
知,常用漢字の通用字体
値,常用漢字の通用字体
恥,常用漢字の通用字体
致,常用漢字の通用字体
遅,常用漢字の通用字体
痴,常用漢字の通用字体
稚,常用漢字の通用字体
置,常用漢字の通用字体
緻,常用漢字の通用字体
竹,常用漢字の通用字体
畜,常用漢字の通用字体
逐,常用漢字の通用字体
蓄,常用漢字の通用字体
築,常用漢字の通用字体
秩,常用漢字の通用字体
窒,常用漢字の通用字体
茶,常用漢字の通用字体
着,常用漢字の通用字体
嫡,常用漢字の通用字体
中,常用漢字の通用字体
仲,常用漢字の通用字体
虫,常用漢字の通用字体
沖,常用漢字の通用字体
宙,常用漢字の通用字体
忠,常用漢字の通用字体
抽,常用漢字の通用字体
注,常用漢字の通用字体
昼,常用漢字の通用字体
柱,常用漢字の通用字体
衷,常用漢字の通用字体
酎,常用漢字の通用字体
鋳,常用漢字の通用字体
駐,常用漢字の通用字体
著,常用漢字の通用字体
貯,常用漢字の通用字体
丁,常用漢字の通用字体
弔,常用漢字の通用字体
庁,常用漢字の通用字体
兆,常用漢字の通用字体
町,常用漢字の通用字体
長,常用漢字の通用字体
挑,常用漢字の通用字体
帳,常用漢字の通用字体
張,常用漢字の通用字体
彫,常用漢字の通用字体
眺,常用漢字の通用字体
釣,常用漢字の通用字体
頂,常用漢字の通用字体
鳥,常用漢字の通用字体
朝,常用漢字の通用字体
貼,常用漢字の通用字体
超,常用漢字の通用字体
腸,常用漢字の通用字体
跳,常用漢字の通用字体
徴,常用漢字の通用字体
嘲,常用漢字の通用字体
潮,常用漢字の通用字体
澄,常用漢字の通用字体
調,常用漢字の通用字体
聴,常用漢字の通用字体
懲,常用漢字の通用字体
直,常用漢字の通用字体
勅,常用漢字の通用字体
捗,常用漢字の通用字体
沈,常用漢字の通用字体
珍,常用漢字の通用字体
朕,常用漢字の通用字体
陳,常用漢字の通用字体
賃,常用漢字の通用字体
鎮,常用漢字の通用字体
追,常用漢字の通用字体
椎,常用漢字の通用字体
墜,常用漢字の通用字体
通,常用漢字の通用字体
痛,常用漢字の通用字体
塚,常用漢字の通用字体
漬,常用漢字の通用字体
坪,常用漢字の通用字体
爪,常用漢字の通用字体
鶴,常用漢字の通用字体
低,常用漢字の通用字体
呈,常用漢字の通用字体
廷,常用漢字の通用字体
弟,常用漢字の通用字体
定,常用漢字の通用字体
底,常用漢字の通用字体
抵,常用漢字の通用字体
邸,常用漢字の通用字体
亭,常用漢字の通用字体
貞,常用漢字の通用字体
帝,常用漢字の通用字体
訂,常用漢字の通用字体
庭,常用漢字の通用字体
逓,常用漢字の通用字体
停,常用漢字の通用字体
偵,常用漢字の通用字体
堤,常用漢字の通用字体
提,常用漢字の通用字体
程,常用漢字の通用字体
艇,常用漢字の通用字体
締,常用漢字の通用字体
諦,常用漢字の通用字体
泥,常用漢字の通用字体
的,常用漢字の通用字体
笛,常用漢字の通用字体
摘,常用漢字の通用字体
滴,常用漢字の通用字体
適,常用漢字の通用字体
敵,常用漢字の通用字体
溺,常用漢字の通用字体
迭,常用漢字の通用字体
哲,常用漢字の通用字体
鉄,常用漢字の通用字体
徹,常用漢字の通用字体
撤,常用漢字の通用字体
天,常用漢字の通用字体
典,常用漢字の通用字体
店,常用漢字の通用字体
点,常用漢字の通用字体
展,常用漢字の通用字体
添,常用漢字の通用字体
転,常用漢字の通用字体
塡,常用漢字の通用字体
田,常用漢字の通用字体
伝,常用漢字の通用字体
殿,常用漢字の通用字体
電,常用漢字の通用字体
斗,常用漢字の通用字体
吐,常用漢字の通用字体
妬,常用漢字の通用字体
徒,常用漢字の通用字体
途,常用漢字の通用字体
都,常用漢字の通用字体
渡,常用漢字の通用字体
塗,常用漢字の通用字体
賭,常用漢字の通用字体
土,常用漢字の通用字体
奴,常用漢字の通用字体
努,常用漢字の通用字体
度,常用漢字の通用字体
怒,常用漢字の通用字体
刀,常用漢字の通用字体
冬,常用漢字の通用字体
灯,常用漢字の通用字体
当,常用漢字の通用字体
投,常用漢字の通用字体
豆,常用漢字の通用字体
東,常用漢字の通用字体
到,常用漢字の通用字体
逃,常用漢字の通用字体
倒,常用漢字の通用字体
凍,常用漢字の通用字体
唐,常用漢字の通用字体
島,常用漢字の通用字体
桃,常用漢字の通用字体
討,常用漢字の通用字体
透,常用漢字の通用字体
党,常用漢字の通用字体
悼,常用漢字の通用字体
盗,常用漢字の通用字体
陶,常用漢字の通用字体
塔,常用漢字の通用字体
搭,常用漢字の通用字体
棟,常用漢字の通用字体
湯,常用漢字の通用字体
痘,常用漢字の通用字体
登,常用漢字の通用字体
答,常用漢字の通用字体
等,常用漢字の通用字体
筒,常用漢字の通用字体
統,常用漢字の通用字体
稲,常用漢字の通用字体
踏,常用漢字の通用字体
糖,常用漢字の通用字体
頭,常用漢字の通用字体
謄,常用漢字の通用字体
藤,常用漢字の通用字体
闘,常用漢字の通用字体
騰,常用漢字の通用字体
同,常用漢字の通用字体
洞,常用漢字の通用字体
胴,常用漢字の通用字体
動,常用漢字の通用字体
堂,常用漢字の通用字体
童,常用漢字の通用字体
道,常用漢字の通用字体
働,常用漢字の通用字体
銅,常用漢字の通用字体
導,常用漢字の通用字体
瞳,常用漢字の通用字体
峠,常用漢字の通用字体
匿,常用漢字の通用字体
特,常用漢字の通用字体
得,常用漢字の通用字体
督,常用漢字の通用字体
徳,常用漢字の通用字体
篤,常用漢字の通用字体
毒,常用漢字の通用字体
独,常用漢字の通用字体
読,常用漢字の通用字体
栃,常用漢字の通用字体
凸,常用漢字の通用字体
突,常用漢字の通用字体
届,常用漢字の通用字体
屯,常用漢字の通用字体
豚,常用漢字の通用字体
頓,常用漢字の通用字体
貪,常用漢字の通用字体
鈍,常用漢字の通用字体
曇,常用漢字の通用字体
丼,常用漢字の通用字体
那,常用漢字の通用字体
奈,常用漢字の通用字体
内,常用漢字の通用字体
梨,常用漢字の通用字体
謎,常用漢字の通用字体
鍋,常用漢字の通用字体
南,常用漢字の通用字体
軟,常用漢字の通用字体
難,常用漢字の通用字体
二,常用漢字の通用字体
尼,常用漢字の通用字体
弐,常用漢字の通用字体
匂,常用漢字の通用字体
肉,常用漢字の通用字体
虹,常用漢字の通用字体
日,常用漢字の通用字体
入,常用漢字の通用字体
乳,常用漢字の通用字体
尿,常用漢字の通用字体
任,常用漢字の通用字体
妊,常用漢字の通用字体
忍,常用漢字の通用字体
認,常用漢字の通用字体
寧,常用漢字の通用字体
熱,常用漢字の通用字体
年,常用漢字の通用字体
念,常用漢字の通用字体
捻,常用漢字の通用字体
粘,常用漢字の通用字体
燃,常用漢字の通用字体
悩,常用漢字の通用字体
納,常用漢字の通用字体
能,常用漢字の通用字体
脳,常用漢字の通用字体
農,常用漢字の通用字体
濃,常用漢字の通用字体
把,常用漢字の通用字体
波,常用漢字の通用字体
派,常用漢字の通用字体
破,常用漢字の通用字体
覇,常用漢字の通用字体
馬,常用漢字の通用字体
婆,常用漢字の通用字体
罵,常用漢字の通用字体
拝,常用漢字の通用字体
杯,常用漢字の通用字体
背,常用漢字の通用字体
肺,常用漢字の通用字体
俳,常用漢字の通用字体
配,常用漢字の通用字体
排,常用漢字の通用字体
敗,常用漢字の通用字体
廃,常用漢字の通用字体
輩,常用漢字の通用字体
売,常用漢字の通用字体
倍,常用漢字の通用字体
梅,常用漢字の通用字体
培,常用漢字の通用字体
陪,常用漢字の通用字体
媒,常用漢字の通用字体
買,常用漢字の通用字体
賠,常用漢字の通用字体
白,常用漢字の通用字体
伯,常用漢字の通用字体
拍,常用漢字の通用字体
泊,常用漢字の通用字体
迫,常用漢字の通用字体
剝,常用漢字の通用字体
舶,常用漢字の通用字体
博,常用漢字の通用字体
薄,常用漢字の通用字体
麦,常用漢字の通用字体
漠,常用漢字の通用字体
縛,常用漢字の通用字体
爆,常用漢字の通用字体
箱,常用漢字の通用字体
箸,常用漢字の通用字体
畑,常用漢字の通用字体
肌,常用漢字の通用字体
八,常用漢字の通用字体
鉢,常用漢字の通用字体
発,常用漢字の通用字体
髪,常用漢字の通用字体
伐,常用漢字の通用字体
抜,常用漢字の通用字体
罰,常用漢字の通用字体
閥,常用漢字の通用字体
反,常用漢字の通用字体
半,常用漢字の通用字体
氾,常用漢字の通用字体
犯,常用漢字の通用字体
帆,常用漢字の通用字体
汎,常用漢字の通用字体
伴,常用漢字の通用字体
判,常用漢字の通用字体
坂,常用漢字の通用字体
阪,常用漢字の通用字体
板,常用漢字の通用字体
版,常用漢字の通用字体
班,常用漢字の通用字体
畔,常用漢字の通用字体
般,常用漢字の通用字体
販,常用漢字の通用字体
斑,常用漢字の通用字体
飯,常用漢字の通用字体
搬,常用漢字の通用字体
煩,常用漢字の通用字体
頒,常用漢字の通用字体
範,常用漢字の通用字体
繁,常用漢字の通用字体
藩,常用漢字の通用字体
晩,常用漢字の通用字体
番,常用漢字の通用字体
蛮,常用漢字の通用字体
盤,常用漢字の通用字体
比,常用漢字の通用字体
皮,常用漢字の通用字体
妃,常用漢字の通用字体
否,常用漢字の通用字体
批,常用漢字の通用字体
彼,常用漢字の通用字体
披,常用漢字の通用字体
肥,常用漢字の通用字体
非,常用漢字の通用字体
卑,常用漢字の通用字体
飛,常用漢字の通用字体
疲,常用漢字の通用字体
秘,常用漢字の通用字体
被,常用漢字の通用字体
悲,常用漢字の通用字体
扉,常用漢字の通用字体
費,常用漢字の通用字体
碑,常用漢字の通用字体
罷,常用漢字の通用字体
避,常用漢字の通用字体
尾,常用漢字の通用字体
眉,常用漢字の通用字体
美,常用漢字の通用字体
備,常用漢字の通用字体
微,常用漢字の通用字体
鼻,常用漢字の通用字体
膝,常用漢字の通用字体
肘,常用漢字の通用字体
匹,常用漢字の通用字体
必,常用漢字の通用字体
泌,常用漢字の通用字体
筆,常用漢字の通用字体
姫,常用漢字の通用字体
百,常用漢字の通用字体
氷,常用漢字の通用字体
表,常用漢字の通用字体
俵,常用漢字の通用字体
票,常用漢字の通用字体
評,常用漢字の通用字体
漂,常用漢字の通用字体
標,常用漢字の通用字体
苗,常用漢字の通用字体
秒,常用漢字の通用字体
病,常用漢字の通用字体
描,常用漢字の通用字体
猫,常用漢字の通用字体
品,常用漢字の通用字体
浜,常用漢字の通用字体
貧,常用漢字の通用字体
賓,常用漢字の通用字体
頻,常用漢字の通用字体
敏,常用漢字の通用字体
瓶,常用漢字の通用字体
不,常用漢字の通用字体
夫,常用漢字の通用字体
父,常用漢字の通用字体
付,常用漢字の通用字体
布,常用漢字の通用字体
扶,常用漢字の通用字体
府,常用漢字の通用字体
怖,常用漢字の通用字体
阜,常用漢字の通用字体
附,常用漢字の通用字体
訃,常用漢字の通用字体
負,常用漢字の通用字体
赴,常用漢字の通用字体
浮,常用漢字の通用字体
婦,常用漢字の通用字体
符,常用漢字の通用字体
富,常用漢字の通用字体
普,常用漢字の通用字体
腐,常用漢字の通用字体
敷,常用漢字の通用字体
膚,常用漢字の通用字体
賦,常用漢字の通用字体
譜,常用漢字の通用字体
侮,常用漢字の通用字体
武,常用漢字の通用字体
部,常用漢字の通用字体
舞,常用漢字の通用字体
封,常用漢字の通用字体
風,常用漢字の通用字体
伏,常用漢字の通用字体
服,常用漢字の通用字体
副,常用漢字の通用字体
幅,常用漢字の通用字体
復,常用漢字の通用字体
福,常用漢字の通用字体
腹,常用漢字の通用字体
複,常用漢字の通用字体
覆,常用漢字の通用字体
払,常用漢字の通用字体
沸,常用漢字の通用字体
仏,常用漢字の通用字体
物,常用漢字の通用字体
粉,常用漢字の通用字体
紛,常用漢字の通用字体
雰,常用漢字の通用字体
噴,常用漢字の通用字体
墳,常用漢字の通用字体
憤,常用漢字の通用字体
奮,常用漢字の通用字体
分,常用漢字の通用字体
文,常用漢字の通用字体
聞,常用漢字の通用字体
丙,常用漢字の通用字体
平,常用漢字の通用字体
兵,常用漢字の通用字体
併,常用漢字の通用字体
並,常用漢字の通用字体
柄,常用漢字の通用字体
陛,常用漢字の通用字体
閉,常用漢字の通用字体
塀,常用漢字の通用字体
幣,常用漢字の通用字体
弊,常用漢字の通用字体
蔽,常用漢字の通用字体
餅,常用漢字の通用字体
米,常用漢字の通用字体
壁,常用漢字の通用字体
璧,常用漢字の通用字体
癖,常用漢字の通用字体
別,常用漢字の通用字体
蔑,常用漢字の通用字体
片,常用漢字の通用字体
辺,常用漢字の通用字体
返,常用漢字の通用字体
変,常用漢字の通用字体
偏,常用漢字の通用字体
遍,常用漢字の通用字体
編,常用漢字の通用字体
弁,常用漢字の通用字体
便,常用漢字の通用字体
勉,常用漢字の通用字体
歩,常用漢字の通用字体
保,常用漢字の通用字体
哺,常用漢字の通用字体
捕,常用漢字の通用字体
補,常用漢字の通用字体
舗,常用漢字の通用字体
母,常用漢字の通用字体
募,常用漢字の通用字体
墓,常用漢字の通用字体
慕,常用漢字の通用字体
暮,常用漢字の通用字体
簿,常用漢字の通用字体
方,常用漢字の通用字体
包,常用漢字の通用字体
芳,常用漢字の通用字体
邦,常用漢字の通用字体
奉,常用漢字の通用字体
宝,常用漢字の通用字体
抱,常用漢字の通用字体
放,常用漢字の通用字体
法,常用漢字の通用字体
泡,常用漢字の通用字体
胞,常用漢字の通用字体
俸,常用漢字の通用字体
倣,常用漢字の通用字体
峰,常用漢字の通用字体
砲,常用漢字の通用字体
崩,常用漢字の通用字体
訪,常用漢字の通用字体
報,常用漢字の通用字体
蜂,常用漢字の通用字体
豊,常用漢字の通用字体
飽,常用漢字の通用字体
褒,常用漢字の通用字体
縫,常用漢字の通用字体
亡,常用漢字の通用字体
乏,常用漢字の通用字体
忙,常用漢字の通用字体
坊,常用漢字の通用字体
妨,常用漢字の通用字体
忘,常用漢字の通用字体
防,常用漢字の通用字体
房,常用漢字の通用字体
肪,常用漢字の通用字体
某,常用漢字の通用字体
冒,常用漢字の通用字体
剖,常用漢字の通用字体
紡,常用漢字の通用字体
望,常用漢字の通用字体
傍,常用漢字の通用字体
帽,常用漢字の通用字体
棒,常用漢字の通用字体
貿,常用漢字の通用字体
貌,常用漢字の通用字体
暴,常用漢字の通用字体
膨,常用漢字の通用字体
謀,常用漢字の通用字体
頰,常用漢字の通用字体
北,常用漢字の通用字体
木,常用漢字の通用字体
朴,常用漢字の通用字体
牧,常用漢字の通用字体
睦,常用漢字の通用字体
僕,常用漢字の通用字体
墨,常用漢字の通用字体
撲,常用漢字の通用字体
没,常用漢字の通用字体
勃,常用漢字の通用字体
堀,常用漢字の通用字体
本,常用漢字の通用字体
奔,常用漢字の通用字体
翻,常用漢字の通用字体
凡,常用漢字の通用字体
盆,常用漢字の通用字体
麻,常用漢字の通用字体
摩,常用漢字の通用字体
磨,常用漢字の通用字体
魔,常用漢字の通用字体
毎,常用漢字の通用字体
妹,常用漢字の通用字体
枚,常用漢字の通用字体
昧,常用漢字の通用字体
埋,常用漢字の通用字体
幕,常用漢字の通用字体
膜,常用漢字の通用字体
枕,常用漢字の通用字体
又,常用漢字の通用字体
末,常用漢字の通用字体
抹,常用漢字の通用字体
万,常用漢字の通用字体
満,常用漢字の通用字体
慢,常用漢字の通用字体
漫,常用漢字の通用字体
未,常用漢字の通用字体
味,常用漢字の通用字体
魅,常用漢字の通用字体
岬,常用漢字の通用字体
密,常用漢字の通用字体
蜜,常用漢字の通用字体
脈,常用漢字の通用字体
妙,常用漢字の通用字体
民,常用漢字の通用字体
眠,常用漢字の通用字体
矛,常用漢字の通用字体
務,常用漢字の通用字体
無,常用漢字の通用字体
夢,常用漢字の通用字体
霧,常用漢字の通用字体
娘,常用漢字の通用字体
名,常用漢字の通用字体
命,常用漢字の通用字体
明,常用漢字の通用字体
迷,常用漢字の通用字体
冥,常用漢字の通用字体
盟,常用漢字の通用字体
銘,常用漢字の通用字体
鳴,常用漢字の通用字体
滅,常用漢字の通用字体
免,常用漢字の通用字体
面,常用漢字の通用字体
綿,常用漢字の通用字体
麺,常用漢字の通用字体
茂,常用漢字の通用字体
模,常用漢字の通用字体
毛,常用漢字の通用字体
妄,常用漢字の通用字体
盲,常用漢字の通用字体
耗,常用漢字の通用字体
猛,常用漢字の通用字体
網,常用漢字の通用字体
目,常用漢字の通用字体
黙,常用漢字の通用字体
門,常用漢字の通用字体
紋,常用漢字の通用字体
問,常用漢字の通用字体
冶,常用漢字の通用字体
夜,常用漢字の通用字体
野,常用漢字の通用字体
弥,常用漢字の通用字体
厄,常用漢字の通用字体
役,常用漢字の通用字体
約,常用漢字の通用字体
訳,常用漢字の通用字体
薬,常用漢字の通用字体
躍,常用漢字の通用字体
闇,常用漢字の通用字体
由,常用漢字の通用字体
油,常用漢字の通用字体
喩,常用漢字の通用字体
愉,常用漢字の通用字体
諭,常用漢字の通用字体
輸,常用漢字の通用字体
癒,常用漢字の通用字体
唯,常用漢字の通用字体
友,常用漢字の通用字体
有,常用漢字の通用字体
勇,常用漢字の通用字体
幽,常用漢字の通用字体
悠,常用漢字の通用字体
郵,常用漢字の通用字体
湧,常用漢字の通用字体
猶,常用漢字の通用字体
裕,常用漢字の通用字体
遊,常用漢字の通用字体
雄,常用漢字の通用字体
誘,常用漢字の通用字体
憂,常用漢字の通用字体
融,常用漢字の通用字体
優,常用漢字の通用字体
与,常用漢字の通用字体
予,常用漢字の通用字体
余,常用漢字の通用字体
誉,常用漢字の通用字体
預,常用漢字の通用字体
幼,常用漢字の通用字体
用,常用漢字の通用字体
羊,常用漢字の通用字体
妖,常用漢字の通用字体
洋,常用漢字の通用字体
要,常用漢字の通用字体
容,常用漢字の通用字体
庸,常用漢字の通用字体
揚,常用漢字の通用字体
揺,常用漢字の通用字体
葉,常用漢字の通用字体
陽,常用漢字の通用字体
溶,常用漢字の通用字体
腰,常用漢字の通用字体
様,常用漢字の通用字体
瘍,常用漢字の通用字体
踊,常用漢字の通用字体
窯,常用漢字の通用字体
養,常用漢字の通用字体
擁,常用漢字の通用字体
謡,常用漢字の通用字体
曜,常用漢字の通用字体
抑,常用漢字の通用字体
沃,常用漢字の通用字体
浴,常用漢字の通用字体
欲,常用漢字の通用字体
翌,常用漢字の通用字体
翼,常用漢字の通用字体
拉,常用漢字の通用字体
裸,常用漢字の通用字体
羅,常用漢字の通用字体
来,常用漢字の通用字体
雷,常用漢字の通用字体
頼,常用漢字の通用字体
絡,常用漢字の通用字体
落,常用漢字の通用字体
酪,常用漢字の通用字体
辣,常用漢字の通用字体
乱,常用漢字の通用字体
卵,常用漢字の通用字体
覧,常用漢字の通用字体
濫,常用漢字の通用字体
藍,常用漢字の通用字体
欄,常用漢字の通用字体
吏,常用漢字の通用字体
利,常用漢字の通用字体
里,常用漢字の通用字体
理,常用漢字の通用字体
痢,常用漢字の通用字体
裏,常用漢字の通用字体
履,常用漢字の通用字体
璃,常用漢字の通用字体
離,常用漢字の通用字体
陸,常用漢字の通用字体
立,常用漢字の通用字体
律,常用漢字の通用字体
慄,常用漢字の通用字体
略,常用漢字の通用字体
柳,常用漢字の通用字体
流,常用漢字の通用字体
留,常用漢字の通用字体
竜,常用漢字の通用字体
粒,常用漢字の通用字体
隆,常用漢字の通用字体
硫,常用漢字の通用字体
侶,常用漢字の通用字体
旅,常用漢字の通用字体
虜,常用漢字の通用字体
慮,常用漢字の通用字体
了,常用漢字の通用字体
両,常用漢字の通用字体
良,常用漢字の通用字体
料,常用漢字の通用字体
涼,常用漢字の通用字体
猟,常用漢字の通用字体
陵,常用漢字の通用字体
量,常用漢字の通用字体
僚,常用漢字の通用字体
領,常用漢字の通用字体
寮,常用漢字の通用字体
療,常用漢字の通用字体
瞭,常用漢字の通用字体
糧,常用漢字の通用字体
力,常用漢字の通用字体
緑,常用漢字の通用字体
林,常用漢字の通用字体
厘,常用漢字の通用字体
倫,常用漢字の通用字体
輪,常用漢字の通用字体
隣,常用漢字の通用字体
臨,常用漢字の通用字体
瑠,常用漢字の通用字体
涙,常用漢字の通用字体
累,常用漢字の通用字体
塁,常用漢字の通用字体
類,常用漢字の通用字体
令,常用漢字の通用字体
礼,常用漢字の通用字体
冷,常用漢字の通用字体
励,常用漢字の通用字体
戻,常用漢字の通用字体
例,常用漢字の通用字体
鈴,常用漢字の通用字体
零,常用漢字の通用字体
霊,常用漢字の通用字体
隷,常用漢字の通用字体
齢,常用漢字の通用字体
麗,常用漢字の通用字体
暦,常用漢字の通用字体
歴,常用漢字の通用字体
列,常用漢字の通用字体
劣,常用漢字の通用字体
烈,常用漢字の通用字体
裂,常用漢字の通用字体
恋,常用漢字の通用字体
連,常用漢字の通用字体
廉,常用漢字の通用字体
練,常用漢字の通用字体
錬,常用漢字の通用字体
呂,常用漢字の通用字体
炉,常用漢字の通用字体
賂,常用漢字の通用字体
路,常用漢字の通用字体
露,常用漢字の通用字体
老,常用漢字の通用字体
労,常用漢字の通用字体
弄,常用漢字の通用字体
郎,常用漢字の通用字体
朗,常用漢字の通用字体
浪,常用漢字の通用字体
廊,常用漢字の通用字体
楼,常用漢字の通用字体
漏,常用漢字の通用字体
籠,常用漢字の通用字体
六,常用漢字の通用字体
録,常用漢字の通用字体
麓,常用漢字の通用字体
論,常用漢字の通用字体
和,常用漢字の通用字体
話,常用漢字の通用字体
賄,常用漢字の通用字体
脇,常用漢字の通用字体
惑,常用漢字の通用字体
枠,常用漢字の通用字体
湾,常用漢字の通用字体
腕,常用漢字の通用字体
丑,常用漢字外の字
丞,常用漢字外の字
乃,常用漢字外の字
之,常用漢字外の字
乎,常用漢字外の字
也,常用漢字外の字
云,常用漢字外の字
亘,常用漢字外の字
些,常用漢字外の字
亦,常用漢字外の字
亥,常用漢字外の字
亨,常用漢字外の字
亮,常用漢字外の字
仔,常用漢字外の字
伊,常用漢字外の字
伍,常用漢字外の字
伽,常用漢字外の字
佃,常用漢字外の字
佑,常用漢字外の字
伶,常用漢字外の字
侃,常用漢字外の字
侑,常用漢字外の字
俄,常用漢字外の字
俠,常用漢字外の字
俣,常用漢字外の字
俐,常用漢字外の字
倭,常用漢字外の字
俱,常用漢字外の字
倦,常用漢字外の字
倖,常用漢字外の字
偲,常用漢字外の字
傭,常用漢字外の字
儲,常用漢字外の字
允,常用漢字外の字
兎,常用漢字外の字
兜,常用漢字外の字
其,常用漢字外の字
冴,常用漢字外の字
凌,常用漢字外の字
凜,常用漢字外の字
凧,常用漢字外の字
凪,常用漢字外の字
凰,常用漢字外の字
凱,常用漢字外の字
函,常用漢字外の字
劉,常用漢字外の字
劫,常用漢字外の字
勁,常用漢字外の字
勺,常用漢字外の字
勿,常用漢字外の字
匁,常用漢字外の字
匡,常用漢字外の字
廿,常用漢字外の字
卜,常用漢字外の字
卯,常用漢字外の字
卿,常用漢字外の字
厨,常用漢字外の字
厩,常用漢字外の字
叉,常用漢字外の字
叡,常用漢字外の字
叢,常用漢字外の字
叶,常用漢字外の字
只,常用漢字外の字
吾,常用漢字外の字
吞,常用漢字外の字
吻,常用漢字外の字
哉,常用漢字外の字
哨,常用漢字外の字
啄,常用漢字外の字
哩,常用漢字外の字
喬,常用漢字外の字
喧,常用漢字外の字
喰,常用漢字外の字
喋,常用漢字外の字
嘩,常用漢字外の字
嘉,常用漢字外の字
嘗,常用漢字外の字
噌,常用漢字外の字
噂,常用漢字外の字
圃,常用漢字外の字
圭,常用漢字外の字
坐,常用漢字外の字
尭,常用漢字外の字
坦,常用漢字外の字
埴,常用漢字外の字
堰,常用漢字外の字
堺,常用漢字外の字
堵,常用漢字外の字
塙,常用漢字外の字
壕,常用漢字外の字
壬,常用漢字外の字
夷,常用漢字外の字
奄,常用漢字外の字
奎,常用漢字外の字
套,常用漢字外の字
娃,常用漢字外の字
姪,常用漢字外の字
姥,常用漢字外の字
娩,常用漢字外の字
嬉,常用漢字外の字
孟,常用漢字外の字
宏,常用漢字外の字
宋,常用漢字外の字
宕,常用漢字外の字
宥,常用漢字外の字
寅,常用漢字外の字
寓,常用漢字外の字
寵,常用漢字外の字
尖,常用漢字外の字
尤,常用漢字外の字
屑,常用漢字外の字
峨,常用漢字外の字
峻,常用漢字外の字
崚,常用漢字外の字
嵯,常用漢字外の字
嵩,常用漢字外の字
嶺,常用漢字外の字
巌,常用漢字外の字
巫,常用漢字外の字
已,常用漢字外の字
巳,常用漢字外の字
巴,常用漢字外の字
巷,常用漢字外の字
巽,常用漢字外の字
帖,常用漢字外の字
幌,常用漢字外の字
幡,常用漢字外の字
庄,常用漢字外の字
庇,常用漢字外の字
庚,常用漢字外の字
庵,常用漢字外の字
廟,常用漢字外の字
廻,常用漢字外の字
弘,常用漢字外の字
弛,常用漢字外の字
彗,常用漢字外の字
彦,常用漢字外の字
彪,常用漢字外の字
彬,常用漢字外の字
徠,常用漢字外の字
忽,常用漢字外の字
怜,常用漢字外の字
恢,常用漢字外の字
恰,常用漢字外の字
恕,常用漢字外の字
悌,常用漢字外の字
惟,常用漢字外の字
惚,常用漢字外の字
悉,常用漢字外の字
惇,常用漢字外の字
惹,常用漢字外の字
惺,常用漢字外の字
惣,常用漢字外の字
慧,常用漢字外の字
憐,常用漢字外の字
戊,常用漢字外の字
或,常用漢字外の字
戟,常用漢字外の字
托,常用漢字外の字
按,常用漢字外の字
挺,常用漢字外の字
挽,常用漢字外の字
掬,常用漢字外の字
捲,常用漢字外の字
捷,常用漢字外の字
捺,常用漢字外の字
捧,常用漢字外の字
掠,常用漢字外の字
揃,常用漢字外の字
摑,常用漢字外の字
摺,常用漢字外の字
撒,常用漢字外の字
撰,常用漢字外の字
撞,常用漢字外の字
播,常用漢字外の字
撫,常用漢字外の字
擢,常用漢字外の字
孜,常用漢字外の字
敦,常用漢字外の字
斐,常用漢字外の字
斡,常用漢字外の字
斧,常用漢字外の字
斯,常用漢字外の字
於,常用漢字外の字
旭,常用漢字外の字
昂,常用漢字外の字
昊,常用漢字外の字
昏,常用漢字外の字
昌,常用漢字外の字
昴,常用漢字外の字
晏,常用漢字外の字
晃,常用漢字外の字
晒,常用漢字外の字
晋,常用漢字外の字
晟,常用漢字外の字
晦,常用漢字外の字
晨,常用漢字外の字
智,常用漢字外の字
暉,常用漢字外の字
暢,常用漢字外の字
曙,常用漢字外の字
曝,常用漢字外の字
曳,常用漢字外の字
朋,常用漢字外の字
朔,常用漢字外の字
杏,常用漢字外の字
杖,常用漢字外の字
杜,常用漢字外の字
李,常用漢字外の字
杭,常用漢字外の字
杵,常用漢字外の字
杷,常用漢字外の字
枇,常用漢字外の字
柑,常用漢字外の字
柴,常用漢字外の字
柘,常用漢字外の字
柊,常用漢字外の字
柏,常用漢字外の字
柾,常用漢字外の字
柚,常用漢字外の字
桧,常用漢字外の字
栞,常用漢字外の字
桔,常用漢字外の字
桂,常用漢字外の字
栖,常用漢字外の字
桐,常用漢字外の字
栗,常用漢字外の字
梧,常用漢字外の字
梓,常用漢字外の字
梢,常用漢字外の字
梛,常用漢字外の字
梯,常用漢字外の字
桶,常用漢字外の字
梶,常用漢字外の字
椛,常用漢字外の字
梁,常用漢字外の字
棲,常用漢字外の字
椋,常用漢字外の字
椀,常用漢字外の字
楯,常用漢字外の字
楚,常用漢字外の字
楕,常用漢字外の字
椿,常用漢字外の字
楠,常用漢字外の字
楓,常用漢字外の字
椰,常用漢字外の字
楢,常用漢字外の字
楊,常用漢字外の字
榎,常用漢字外の字
樺,常用漢字外の字
榊,常用漢字外の字
榛,常用漢字外の字
槙,常用漢字外の字
槍,常用漢字外の字
槌,常用漢字外の字
樫,常用漢字外の字
槻,常用漢字外の字
樟,常用漢字外の字
樋,常用漢字外の字
橘,常用漢字外の字
樽,常用漢字外の字
橙,常用漢字外の字
檎,常用漢字外の字
檀,常用漢字外の字
櫂,常用漢字外の字
櫛,常用漢字外の字
櫓,常用漢字外の字
欣,常用漢字外の字
欽,常用漢字外の字
歎,常用漢字外の字
此,常用漢字外の字
殆,常用漢字外の字
毅,常用漢字外の字
毘,常用漢字外の字
毬,常用漢字外の字
汀,常用漢字外の字
汝,常用漢字外の字
汐,常用漢字外の字
汲,常用漢字外の字
沌,常用漢字外の字
沓,常用漢字外の字
沫,常用漢字外の字
洸,常用漢字外の字
洲,常用漢字外の字
洵,常用漢字外の字
洛,常用漢字外の字
浩,常用漢字外の字
浬,常用漢字外の字
淵,常用漢字外の字
淳,常用漢字外の字
渚,常用漢字外の字
淀,常用漢字外の字
淋,常用漢字外の字
渥,常用漢字外の字
渾,常用漢字外の字
湘,常用漢字外の字
湊,常用漢字外の字
湛,常用漢字外の字
溢,常用漢字外の字
滉,常用漢字外の字
溜,常用漢字外の字
漱,常用漢字外の字
漕,常用漢字外の字
漣,常用漢字外の字
澪,常用漢字外の字
濡,常用漢字外の字
瀕,常用漢字外の字
灘,常用漢字外の字
灸,常用漢字外の字
灼,常用漢字外の字
烏,常用漢字外の字
焰,常用漢字外の字
焚,常用漢字外の字
煌,常用漢字外の字
煤,常用漢字外の字
煉,常用漢字外の字
熙,常用漢字外の字
燕,常用漢字外の字
燎,常用漢字外の字
燦,常用漢字外の字
燭,常用漢字外の字
燿,常用漢字外の字
爾,常用漢字外の字
牒,常用漢字外の字
牟,常用漢字外の字
牡,常用漢字外の字
牽,常用漢字外の字
犀,常用漢字外の字
狼,常用漢字外の字
猪,常用漢字外の字
獅,常用漢字外の字
玖,常用漢字外の字
珂,常用漢字外の字
珈,常用漢字外の字
珊,常用漢字外の字
珀,常用漢字外の字
玲,常用漢字外の字
琢,常用漢字外の字
琉,常用漢字外の字
瑛,常用漢字外の字
琥,常用漢字外の字
琶,常用漢字外の字
琵,常用漢字外の字
琳,常用漢字外の字
瑚,常用漢字外の字
瑞,常用漢字外の字
瑶,常用漢字外の字
瑳,常用漢字外の字
瓜,常用漢字外の字
瓢,常用漢字外の字
甥,常用漢字外の字
甫,常用漢字外の字
畠,常用漢字外の字
畢,常用漢字外の字
疋,常用漢字外の字
疏,常用漢字外の字
皐,常用漢字外の字
皓,常用漢字外の字
眸,常用漢字外の字
瞥,常用漢字外の字
矩,常用漢字外の字
砦,常用漢字外の字
砥,常用漢字外の字
砧,常用漢字外の字
硯,常用漢字外の字
碓,常用漢字外の字
碗,常用漢字外の字
碩,常用漢字外の字
碧,常用漢字外の字
磐,常用漢字外の字
磯,常用漢字外の字
祇,常用漢字外の字
祢,常用漢字外の字
祐,常用漢字外の字
祷,常用漢字外の字
禄,常用漢字外の字
禎,常用漢字外の字
禽,常用漢字外の字
禾,常用漢字外の字
秦,常用漢字外の字
秤,常用漢字外の字
稀,常用漢字外の字
稔,常用漢字外の字
稟,常用漢字外の字
稜,常用漢字外の字
穣,常用漢字外の字
穹,常用漢字外の字
穿,常用漢字外の字
窄,常用漢字外の字
窪,常用漢字外の字
窺,常用漢字外の字
竣,常用漢字外の字
竪,常用漢字外の字
竺,常用漢字外の字
竿,常用漢字外の字
笈,常用漢字外の字
笹,常用漢字外の字
笙,常用漢字外の字
笠,常用漢字外の字
筈,常用漢字外の字
筑,常用漢字外の字
箕,常用漢字外の字
箔,常用漢字外の字
篇,常用漢字外の字
篠,常用漢字外の字
簞,常用漢字外の字
簾,常用漢字外の字
籾,常用漢字外の字
粥,常用漢字外の字
粟,常用漢字外の字
糊,常用漢字外の字
紘,常用漢字外の字
紗,常用漢字外の字
紐,常用漢字外の字
絃,常用漢字外の字
紬,常用漢字外の字
絆,常用漢字外の字
絢,常用漢字外の字
綺,常用漢字外の字
綜,常用漢字外の字
綴,常用漢字外の字
緋,常用漢字外の字
綾,常用漢字外の字
綸,常用漢字外の字
縞,常用漢字外の字
徽,常用漢字外の字
繫,常用漢字外の字
繡,常用漢字外の字
纂,常用漢字外の字
纏,常用漢字外の字
羚,常用漢字外の字
翔,常用漢字外の字
翠,常用漢字外の字
耀,常用漢字外の字
而,常用漢字外の字
耶,常用漢字外の字
耽,常用漢字外の字
聡,常用漢字外の字
肇,常用漢字外の字
肋,常用漢字外の字
肴,常用漢字外の字
胤,常用漢字外の字
胡,常用漢字外の字
脩,常用漢字外の字
腔,常用漢字外の字
脹,常用漢字外の字
膏,常用漢字外の字
臥,常用漢字外の字
舜,常用漢字外の字
舵,常用漢字外の字
芥,常用漢字外の字
芹,常用漢字外の字
芭,常用漢字外の字
芙,常用漢字外の字
芦,常用漢字外の字
苑,常用漢字外の字
茄,常用漢字外の字
苔,常用漢字外の字
苺,常用漢字外の字
茅,常用漢字外の字
茉,常用漢字外の字
茸,常用漢字外の字
茜,常用漢字外の字
莞,常用漢字外の字
荻,常用漢字外の字
莫,常用漢字外の字
莉,常用漢字外の字
菅,常用漢字外の字
菫,常用漢字外の字
菖,常用漢字外の字
萄,常用漢字外の字
菩,常用漢字外の字
萌,常用漢字外の字
萊,常用漢字外の字
菱,常用漢字外の字
葦,常用漢字外の字
葵,常用漢字外の字
萱,常用漢字外の字
葺,常用漢字外の字
萩,常用漢字外の字
董,常用漢字外の字
葡,常用漢字外の字
蓑,常用漢字外の字
蒔,常用漢字外の字
蒐,常用漢字外の字
蒼,常用漢字外の字
蒲,常用漢字外の字
蒙,常用漢字外の字
蓉,常用漢字外の字
蓮,常用漢字外の字
蔭,常用漢字外の字
蔣,常用漢字外の字
蔦,常用漢字外の字
蓬,常用漢字外の字
蔓,常用漢字外の字
蕎,常用漢字外の字
蕨,常用漢字外の字
蕉,常用漢字外の字
蕃,常用漢字外の字
蕪,常用漢字外の字
薙,常用漢字外の字
蕾,常用漢字外の字
蕗,常用漢字外の字
藁,常用漢字外の字
薩,常用漢字外の字
蘇,常用漢字外の字
蘭,常用漢字外の字
蝦,常用漢字外の字
蝶,常用漢字外の字
螺,常用漢字外の字
蟬,常用漢字外の字
蟹,常用漢字外の字
蠟,常用漢字外の字
衿,常用漢字外の字
袈,常用漢字外の字
袴,常用漢字外の字
裡,常用漢字外の字
裟,常用漢字外の字
裳,常用漢字外の字
襖,常用漢字外の字
訊,常用漢字外の字
訣,常用漢字外の字
註,常用漢字外の字
詢,常用漢字外の字
詫,常用漢字外の字
誼,常用漢字外の字
諏,常用漢字外の字
諄,常用漢字外の字
諒,常用漢字外の字
謂,常用漢字外の字
諺,常用漢字外の字
讃,常用漢字外の字
豹,常用漢字外の字
貰,常用漢字外の字
賑,常用漢字外の字
赳,常用漢字外の字
跨,常用漢字外の字
蹄,常用漢字外の字
蹟,常用漢字外の字
輔,常用漢字外の字
輯,常用漢字外の字
輿,常用漢字外の字
轟,常用漢字外の字
辰,常用漢字外の字
辻,常用漢字外の字
迂,常用漢字外の字
迄,常用漢字外の字
辿,常用漢字外の字
迪,常用漢字外の字
迦,常用漢字外の字
這,常用漢字外の字
逞,常用漢字外の字
逗,常用漢字外の字
逢,常用漢字外の字
遥,常用漢字外の字
遁,常用漢字外の字
遼,常用漢字外の字
邑,常用漢字外の字
祁,常用漢字外の字
郁,常用漢字外の字
鄭,常用漢字外の字
酉,常用漢字外の字
醇,常用漢字外の字
醐,常用漢字外の字
醍,常用漢字外の字
醬,常用漢字外の字
釉,常用漢字外の字
釘,常用漢字外の字
釧,常用漢字外の字
銑,常用漢字外の字
鋒,常用漢字外の字
鋸,常用漢字外の字
錘,常用漢字外の字
錐,常用漢字外の字
錆,常用漢字外の字
錫,常用漢字外の字
鍬,常用漢字外の字
鎧,常用漢字外の字
閃,常用漢字外の字
閏,常用漢字外の字
閤,常用漢字外の字
阿,常用漢字外の字
陀,常用漢字外の字
隈,常用漢字外の字
隼,常用漢字外の字
雀,常用漢字外の字
雁,常用漢字外の字
雛,常用漢字外の字
雫,常用漢字外の字
霞,常用漢字外の字
靖,常用漢字外の字
鞄,常用漢字外の字
鞍,常用漢字外の字
鞘,常用漢字外の字
鞠,常用漢字外の字
鞭,常用漢字外の字
頁,常用漢字外の字
頌,常用漢字外の字
頗,常用漢字外の字
顚,常用漢字外の字
颯,常用漢字外の字
饗,常用漢字外の字
馨,常用漢字外の字
馴,常用漢字外の字
馳,常用漢字外の字
駕,常用漢字外の字
駿,常用漢字外の字
驍,常用漢字外の字
魁,常用漢字外の字
魯,常用漢字外の字
鮎,常用漢字外の字
鯉,常用漢字外の字
鯛,常用漢字外の字
鰯,常用漢字外の字
鱒,常用漢字外の字
鱗,常用漢字外の字
鳩,常用漢字外の字
鳶,常用漢字外の字
鳳,常用漢字外の字
鴨,常用漢字外の字
鴻,常用漢字外の字
鵜,常用漢字外の字
鵬,常用漢字外の字
鷗,常用漢字外の字
鷲,常用漢字外の字
鷺,常用漢字外の字
鷹,常用漢字外の字
麒,常用漢字外の字
麟,常用漢字外の字
麿,常用漢字外の字
黎,常用漢字外の字
黛,常用漢字外の字
鼎,常用漢字外の字
亙,常用漢字外の字
凛,常用漢字外の字
堯,常用漢字外の字
巖,常用漢字外の字
晄,常用漢字外の字
檜,常用漢字外の字
槇,常用漢字外の字
渚,常用漢字外の字
猪,常用漢字外の字
琢,常用漢字外の字
禰,常用漢字外の字
祐,常用漢字外の字
禱,常用漢字外の字
祿,常用漢字外の字
禎,常用漢字外の字
穰,常用漢字外の字
萠,常用漢字外の字
遙,常用漢字外の字
亞,常用漢字の異体字
惡,常用漢字の異体字
爲,常用漢字の異体字
逸,常用漢字の異体字
榮,常用漢字の異体字
衞,常用漢字の異体字
謁,常用漢字の異体字
圓,常用漢字の異体字
緣,常用漢字の異体字
薗,常用漢字の異体字
應,常用漢字の異体字
櫻,常用漢字の異体字
奧,常用漢字の異体字
橫,常用漢字の異体字
溫,常用漢字の異体字
價,常用漢字の異体字
禍,常用漢字の異体字
悔,常用漢字の異体字
海,常用漢字の異体字
壞,常用漢字の異体字
懷,常用漢字の異体字
樂,常用漢字の異体字
渴,常用漢字の異体字
卷,常用漢字の異体字
陷,常用漢字の異体字
寬,常用漢字の異体字
漢,常用漢字の異体字
氣,常用漢字の異体字
祈,常用漢字の異体字
器,常用漢字の異体字
僞,常用漢字の異体字
戲,常用漢字の異体字
虛,常用漢字の異体字
峽,常用漢字の異体字
狹,常用漢字の異体字
響,常用漢字の異体字
曉,常用漢字の異体字
勤,常用漢字の異体字
謹,常用漢字の異体字
駈,常用漢字の異体字
勳,常用漢字の異体字
薰,常用漢字の異体字
惠,常用漢字の異体字
揭,常用漢字の異体字
鷄,常用漢字の異体字
藝,常用漢字の異体字
擊,常用漢字の異体字
縣,常用漢字の異体字
儉,常用漢字の異体字
劍,常用漢字の異体字
險,常用漢字の異体字
圈,常用漢字の異体字
檢,常用漢字の異体字
顯,常用漢字の異体字
驗,常用漢字の異体字
嚴,常用漢字の異体字
廣,常用漢字の異体字
恆,常用漢字の異体字
黃,常用漢字の異体字
國,常用漢字の異体字
黑,常用漢字の異体字
穀,常用漢字の異体字
碎,常用漢字の異体字
雜,常用漢字の異体字
祉,常用漢字の異体字
視,常用漢字の異体字
兒,常用漢字の異体字
濕,常用漢字の異体字
實,常用漢字の異体字
社,常用漢字の異体字
者,常用漢字の異体字
煮,常用漢字の異体字
壽,常用漢字の異体字
收,常用漢字の異体字
臭,常用漢字の異体字
從,常用漢字の異体字
澁,常用漢字の異体字
獸,常用漢字の異体字
縱,常用漢字の異体字
祝,常用漢字の異体字
暑,常用漢字の異体字
署,常用漢字の異体字
緖,常用漢字の異体字
諸,常用漢字の異体字
敍,常用漢字の異体字
將,常用漢字の異体字
祥,常用漢字の異体字
涉,常用漢字の異体字
燒,常用漢字の異体字
奬,常用漢字の異体字
條,常用漢字の異体字
狀,常用漢字の異体字
乘,常用漢字の異体字
淨,常用漢字の異体字
剩,常用漢字の異体字
疊,常用漢字の異体字
孃,常用漢字の異体字
讓,常用漢字の異体字
釀,常用漢字の異体字
神,常用漢字の異体字
眞,常用漢字の異体字
寢,常用漢字の異体字
愼,常用漢字の異体字
盡,常用漢字の異体字
粹,常用漢字の異体字
醉,常用漢字の異体字
穗,常用漢字の異体字
瀨,常用漢字の異体字
齊,常用漢字の異体字
靜,常用漢字の異体字
攝,常用漢字の異体字
節,常用漢字の異体字
專,常用漢字の異体字
戰,常用漢字の異体字
纖,常用漢字の異体字
禪,常用漢字の異体字
祖,常用漢字の異体字
壯,常用漢字の異体字
爭,常用漢字の異体字
莊,常用漢字の異体字
搜,常用漢字の異体字
巢,常用漢字の異体字
曾,常用漢字の異体字
裝,常用漢字の異体字
僧,常用漢字の異体字
層,常用漢字の異体字
瘦,常用漢字の異体字
騷,常用漢字の異体字
增,常用漢字の異体字
憎,常用漢字の異体字
藏,常用漢字の異体字
贈,常用漢字の異体字
臟,常用漢字の異体字
卽,常用漢字の異体字
帶,常用漢字の異体字
滯,常用漢字の異体字
瀧,常用漢字の異体字
單,常用漢字の異体字
嘆,常用漢字の異体字
團,常用漢字の異体字
彈,常用漢字の異体字
晝,常用漢字の異体字
鑄,常用漢字の異体字
著,常用漢字の異体字
廳,常用漢字の異体字
徵,常用漢字の異体字
聽,常用漢字の異体字
懲,常用漢字の異体字
鎭,常用漢字の異体字
轉,常用漢字の異体字
傳,常用漢字の異体字
都,常用漢字の異体字
嶋,常用漢字の異体字
燈,常用漢字の異体字
盜,常用漢字の異体字
稻,常用漢字の異体字
德,常用漢字の異体字
突,常用漢字の異体字
難,常用漢字の異体字
拜,常用漢字の異体字
盃,常用漢字の異体字
賣,常用漢字の異体字
梅,常用漢字の異体字
髮,常用漢字の異体字
拔,常用漢字の異体字
繁,常用漢字の異体字
晚,常用漢字の異体字
卑,常用漢字の異体字
祕,常用漢字の異体字
碑,常用漢字の異体字
賓,常用漢字の異体字
敏,常用漢字の異体字
冨,常用漢字の異体字
侮,常用漢字の異体字
福,常用漢字の異体字
拂,常用漢字の異体字
佛,常用漢字の異体字
勉,常用漢字の異体字
步,常用漢字の異体字
峯,常用漢字の異体字
墨,常用漢字の異体字
飜,常用漢字の異体字
每,常用漢字の異体字
萬,常用漢字の異体字
默,常用漢字の異体字
埜,常用漢字の異体字
彌,常用漢字の異体字
藥,常用漢字の異体字
與,常用漢字の異体字
搖,常用漢字の異体字
樣,常用漢字の異体字
謠,常用漢字の異体字
來,常用漢字の異体字
賴,常用漢字の異体字
覽,常用漢字の異体字
欄,常用漢字の異体字
龍,常用漢字の異体字
虜,常用漢字の異体字
凉,常用漢字の異体字
綠,常用漢字の異体字
淚,常用漢字の異体字
壘,常用漢字の異体字
類,常用漢字の異体字
禮,常用漢字の異体字
曆,常用漢字の異体字
歷,常用漢字の異体字
練,常用漢字の異体字
鍊,常用漢字の異体字
郞,常用漢字の異体字
朗,常用漢字の異体字
廊,常用漢字の異体字
錄,常用漢字の異体字
