ID,漢字,,,,
1,乂,乂,,,
2,几,几,,,
3,匕,匕,,,
4,匚,匚,,,
5,于,于,,,
6,兀,兀,,,
7,孑,孑,,,
8,尸,尸,,,
9,已,已,,,
10,幺,幺,,,
11,弋,弋,,,
12,丫,丫,,,
13,孒,孒,,,
14,屮,屮,,,
15,弌,一,弋,,
16,丐,丐,,,
17,亢,亠,几,,
18,仍,亻,乃,,
19,仄,厂,人,,
20,仆,亻,卜,,
21,仂,亻,力,,
22,卅,卅,,,
23,夬,夬,,,
24,夭,夭,,,
25,尹,尹,,,
26,弖,弓,一,,
27,戈,戈,,,
28,扎,扌,乚,,
29,曰,曰,,,
30,毋,毋,,,
31,丕,不,一,,
32,丱,丱,,,
33,弍,二,弋,,
34,仗,亻,丈,,
35,仞,亻,ノ,刀,
36,仭,亻,刄,,
37,仟,亻,千,,
38,冉,冉,,,
39,刋,チ,刂,,
40,匆,匆,,,
41,丗,丗,,,
42,卉,十,廾,,
43,卮,⺁,一,㔾,
44,叮,口,丁,,
45,叨,口,刀,,
46,叭,口,八,,
47,叺,口,入,,
48,圦,土,入,,
49,夲,大,十,,
50,孕,乃,子,,
51,屶,山,刀,,
52,戉,戉,,,
53,朮,朮,,,
54,艾,艹,乂,,
55,辷,一,辶,,
56,价,亻,介,,
57,伉,亻,亢,,
58,伜,亻,卆,,
59,冱,冫,互,,
60,凩,⺇,木,,
61,刔,夬,刂,,
62,刎,勿,刂,,
63,匈,勹,凶,,
64,卍,卍,,,
65,吁,口,于,,
66,夸,大,亏,,
67,奸,女,干,,
68,妁,女,勺,,
69,屹,山,乞,,
70,幵,干,干,,
71,并,并,,,
72,忖,忄,寸,,
73,戍,戊,丶,,
74,戌,戊,一,,
75,扞,扌,干,,
76,扛,扌,工,,
77,扣,扌,口,,
78,扠,扌,叉,,
79,扨,扌,刄,,
80,朿,朿,,,
81,朸,木,力,,
82,朶,乃,木,,
83,汕,氵,山,,
84,聿,聿,,,
85,犲,犭,才,,
86,阡,阝,千,,
87,艸,艸,,,
88,芍,艹,勺,,
89,芒,艹,亡,,
90,佚,亻,失,,
91,估,亻,古,,
92,佝,亻,句,,
93,佗,亻,它,,
94,佇,亻,宁,,
95,佞,亻,二,女,
96,兌,八,兄,,
97,冏,冂,儿,口,
98,刪,冊,刂,,
99,劬,句,力,,
100,劭,召,力,,
101,甸,勹,田,,
102,匣,匚,甲,,
103,吽,口,牛,,
104,听,口,斤,,
105,吭,口,亢,,
106,吼,口,孔,,
107,吮,口,允,,
108,吶,口,內,,
109,吩,口,分,,
110,吝,文,口,,
111,呎,口,尺,,
112,囮,囗,化,,
113,坎,土,欠,,
114,圻,土,斤,,
115,址,土,止,,
116,坏,土,不,,
117,夾,大,人,人,
118,妝,爿,女,,
119,妣,女,比,,
120,妍,女,开,,
121,孚,爫,子,,
122,孛,孛,,,
123,尨,尤,彡,,
124,屁,尸,比,,
125,岌,山,及の旧字,,
126,岑,山,今,,
127,岔,分,山,,
128,巫,工,人,人,
129,彷,彳,方,,
130,忻,忄,斤,,
131,忤,忄,午,,
132,忸,忄,丑,,
133,忱,忄,冘,,
134,忰,忄,卆,,
135,扼,扌,厄,,
136,抉,扌,夬,,
137,找,扌,戈,,
138,抒,扌,予,,
139,抓,扌,爪,,
140,抖,扌,斗,,
141,抃,扌,卞,,
142,抔,扌,不,,
143,抛,扌,九,力,
144,旱,日,干,,
145,杙,木,弋,,
146,杣,金,山,,
147,杠,土,工,,
148,杞,日,己,,
149,杆,月,干,,
150,肛,月,工,,
151,肚,月,土,,
152,肓,亡,月,,
153,汞,工,水,,
154,汪,氵,王,,
155,沍,氵,互,,
156,沚,氵,止,,
157,沁,氵,心,,
158,汨,氵,日,,
159,沂,氵,斤,,
160,沐,氵,木,,
161,泛,氵,乏,,
162,沛,氵,巿,,
163,糺,糸,乚,,
164,瓧,瓦,十,,
165,矣,厶,矢,,
166,狄,犭,火,,
167,狆,犭,中,,
168,狃,犭,丑,,
169,阮,阝,元,,
170,阯,阝,止,,
171,阨,阝,厄,,
172,邨,屯,阝,,
173,疔,疒,丁,,
174,芫,艹,元,,
175,芟,艹,殳,,
176,芬,艹,分,,
177,芦,艹,戸の旧字,,
178,竍,立,十,,
179,罕,冖,儿,干,
180,豕,豕,,,
181,巵,⺁,一,巴,
182,沪,氵,戸,,
183,删,册,刂,,
184,苆,艹,切,,
185,皁,白,十,,
186,旰,日,干,,
187,呏,口,升,,
188,乖,乖,,,
189,亟,丂,口,又,一
190,佶,亻,吉,,
191,侈,亻,多,,
192,侏,亻,朱,,
193,侘,亻,宅,,
194,佻,亻,兆,,
195,佩,亻,⺇,帀,
196,佰,亻,百,,
197,侑,亻,有,,
198,佯,亻,羊,,
199,侖,侖,,,
200,冽,冫,列,,
201,凭,任,几,,
202,刮,舌,刂,,
203,刳,夸,刂,,
204,劼,吉,力,,
205,咏,口,永,,
206,呵,口,可,,
207,咎,夂,人,口,
208,呟,口,玄,,
209,呷,口,甲,,
210,呻,口,申,,
211,咀,口,且,,
212,呶,口,奴,,
213,咄,口,出,,
214,咐,口,付,,
215,咆,口,包の旧字,,
216,囹,囗,令,,
217,坩,土,甘,,
218,坡,土,皮,,
219,坿,土,付,,
220,妲,女,旦,,
221,姆,女,母,,
222,孥,奴,子,,
223,岫,山,由,,
224,帚,帚,,,
225,帙,巾,失,,
226,帑,奴,巾,,
227,帛,白,巾,,
228,弩,奴,弓,,
229,徂,彳,且,,
230,彿,彳,弗,,
231,忝,夭,⺗,,
232,忿,分,心,,
233,怡,忄,台,,
234,怙,忄,古,,
235,怩,忄,尼,,
236,怛,忄,旦,,
237,怕,忄,白,,
238,怫,忄,弗,,
239,怦,忄,平の旧字,,
240,怏,忄,央,,
241,怺,忄,永,,
242,戔,戈,戈,,
243,拗,扌,幼,,
244,拑,扌,甘,,
245,抻,扌,申,,
246,拆,扌,斥,,
247,拈,扌,占,,
248,拌,扌,半の旧字,,
249,拊,扌,付,,
250,拇,扌,母,,
251,抬,扌,台,,
252,毟,少,毛,,
253,杲,日,木,,
254,昊,日,天,,
255,昃,日,仄,,
256,杳,木,日,,
257,旻,日,文,,
258,枌,木,分,,
259,枉,木,王,,
260,枋,木,方,,
261,枡,木,升,,
262,杪,木,少,,
263,杼,木,予,,
264,枅,木,开,,
265,虱,虱,,,
266,肭,月,內,,
267,肬,月,尤,,
268,泓,氵,弘,,
269,泗,氵,四,,
270,沽,氵,古,,
271,沮,氵,且,,
272,泝,氵,斥,,
273,泄,氵,世,,
274,泅,氵,囚,,
275,沱,氵,它,,
276,泪,氵,目,,
277,泯,氵,民,,
278,沾,氵,占,,
279,牀,爿,木,,
280,爬,爪,巴,,
281,軋,車,乚,,
282,矼,石,工,,
283,瓩,瓦,千,,
284,氛,气,分,,
285,炙,ななめの月,火,,
286,炒,火,少,,
287,衫,衤,彡,,
288,狎,犭,甲,,
289,狒,犭,弗,,
290,羌,⺷,儿,,
291,陂,阝,皮,,
292,邯,甘,阝,,
293,邵,召,阝,,
294,邱,丘,阝,,
295,疚,疒,久,,
296,疝,疒,山,,
297,籵,米,十,,
298,歿,歹,殳みたいなの,,
299,殀,歹,夭,,
300,氓,亡,民,,
301,苡,艹,以,,
302,苳,艹,冬の旧字,,
303,茉,艹,末,,
304,苜,艹,目,,
305,苻,艹,付,,
306,苣,艹,巨,,
307,范,艹,氾,,
308,苞,艹,包の旧字,,
309,苙,艹,立,,
310,苟,艹,句,,
311,苹,艹,平の旧字,,
312,茆,艹,卯,,
313,苴,艹,且,,
314,苺,艹,母,,
315,迚,中,辶,,
316,迪,由,１点辶,,
317,廸,由,廴,,
318,竏,立,千,,
319,秉,秉,,,
320,盂,于,皿,,
321,罔,冂,䒑,亡,
322,穹,穴,弓,,
323,祀,示,巳,,
324,刱,井,刅,,
325,幷,幷,,,
326,拋,扌,尢,力,
327,卹,血,卩,,
328,玫,王,攵,,
329,矻,石,乞,,
330,彽,彳,氐,,
331,卻,谷みたいなの,卩,,
332,圀,囗,儿,方,
333,俔,亻,見,,
334,俟,亻,矣,,
335,俎,人,人,且,
336,俘,亻,孚,,
337,俛,亻,免,,
338,俑,亻,甬,,
339,俚,亻,里,,
340,俐,亻,利,,
341,俤,亻,弟,,
342,俥,亻,車,,
343,兪,入,一,月,巜
344,冑,由,冃,,
345,剏,并,刄,,
346,剄,巠,刂,,
347,剋,克,刂,,
348,剌,束,刂,,
349,勁,巠,力,,
350,匍,勹,甫,,
351,厖,厂,尨,,
352,呱,口,瓜,,
353,呰,此,口,,
354,哇,口,圭,,
355,咢,口,口,一,丂
356,咸,戊,一,口,
357,咥,口,至,,
358,咬,口,交,,
359,哄,口,共,,
360,哈,口,合,,
361,咨,次,口,,
362,咫,尺,只,,
363,哂,口,西,,
364,咤,口,宅,,
365,囿,囗,有,,
366,垓,土,亥,,
367,垠,土,艮,,
368,垤,土,至,,
369,奕,亦,大,,
370,奐,奐,,,
371,奎,大,圭,,
372,姨,女,夷,,
373,姜,⺷,女,,
374,姙,女,任,,
375,姚,女,兆,,
376,孩,子,亥,,
377,屎,尸,米,,
378,屏,尸,并,,
379,峙,山,寺,,
380,庠,广,羊,,
381,弭,弓,耳,,
382,弯,亦,弓,,
383,徊,彳,回,,
384,很,彳,艮,,
385,徇,彳,旬,,
386,怎,乍,心,,
387,怱,匆,心,,
388,恪,忄,各,,
389,恟,忄,匈,,
390,恊,忄,劦,,
391,恍,忄,光,,
392,恃,忄,寺,,
393,恤,忄,血,,
394,恂,忄,旬,,
395,恬,忄,舌,,
396,恫,忄,同,,
397,扁,戶,飛び出さない冊,,
398,拏,奴,手,,
399,挌,扌,各,,
400,拮,扌,吉,,
401,拱,扌,共,,
402,挂,扌,圭,,
403,拯,扌,丞,,
404,拵,扌,存,,
405,畋,田,攵,,
406,鳬,鳥の省略,几,,
407,斫,石,斤,,
408,朏,月,出,,
409,昜,日,一,勿,
410,昴,日,卯,,
411,昶,永,日,,
412,昵,日,尼,,
413,昿,日,広,,
414,閂,門,一,,
415,缸,缶,工,,
416,枴,木,叧,,
417,柯,木,可,,
418,枷,木,加,,
419,柤,木,且,,
420,柞,木,乍,,
421,柩,木,匛,,
422,柮,木,出,,
423,柬,柬,,,
424,枳,木,只,,
425,柢,木,氐,,
426,柎,木,付,,
427,柝,木,斥,,
428,枹,木,包の旧字,,
429,枸,木,句,,
430,胙,月,乍,,
431,胝,月,氐,,
432,胛,月,甲,,
433,胚,月,不,,
434,胥,疋,月,,
435,胄,由,月,,
436,胖,月,半の旧字,,
437,曷,日,匃,,
438,禹,禹,,,
439,禺,禺,,,
440,洸,氵,光,,
441,洽,氵,合,,
442,洌,氵,列,,
443,洟,氵,夷,,
444,洶,氵,匈,,
445,洵,氵,旬,,
446,洒,氵,西,,
447,洫,氵,血,,
448,爰,爫,一,友,
449,癸,癸,,,
450,珈,王,加,,
451,珀,王,白,,
452,玻,王,皮,,
453,玳,王,代,,
454,砒,石,比,,
455,砌,石,切,,
456,紆,糸,于,,
457,紂,糸,寸,,
458,牴,牛,氐,,
459,酊,酉,丁,,
460,瓰,瓦,分,,
461,瓲,瓦,屯,,
462,瓮,公,瓦,,
463,瓱,瓦,毛,,
464,炸,火,乍,,
465,炮,火,包の旧字,,
466,炬,火,巨,,
467,炳,火,丙,,
468,炯,火,冋,,
469,衵,衤,日,,
470,袂,衤,夬,,
471,衲,衤,內,,
472,衽,衤,壬,,
473,狢,犭,各,,
474,狡,犭,交,,
475,狠,犭,艮,,
476,盻,目,兮,,
477,眇,目,少,,
478,眈,目,冘,,
479,眄,目,丏,,
480,陋,阝,丙,L,
481,陌,阝,百,,
482,疣,疒,尤,,
483,疥,疒,介,,
484,殃,歹,央,,
485,殄,歹,㐱,,
486,茴,艹,回,,
487,茯,艹,伏,,
488,茱,艹,朱,,
489,荀,艹,旬,,
490,荅,艹,合,,
491,茲,艹,幺,幺,
492,茹,艹,如,,
493,茵,艹,因,,
494,荐,艹,存,,
495,茗,艹,名,,
496,茘,艹,刕,,
497,茫,艹,汒,,
498,莽,艹,大,廾,
499,迢,召,辶,,
500,迥,冋,辶,,
501,竓,立,毛,,
502,竕,立,分,,
503,秕,禾,比,,
504,衍,彳,氵,亍,
505,罘,罒,不,,
506,穽,穴,井,,
507,矜,矛,今,,
508,臾,臾,,,
509,舁,臼,廾,,
510,姸,女,ななめの幵,,
511,姮,女,亘,,
512,俞,𠆢,一,刖,
513,竽,⺮,于,,
514,紉,糸,丶刀,,
515,挘,扌,劣,,
516,炷,火,主みたいなの,,
517,烟,火,因,,
518,笋,⺮,尹,,
519,倚,亻,奇,,
520,倨,亻,居,,
521,倔,亻,屈,,
522,倪,亻,兒,,
523,倥,亻,空,,
524,倅,亻,卒,,
525,俶,亻,叔,,
526,倡,亻,昌,,
527,倩,亻,靑,,
528,倬,亻,卓,,
529,俾,亻,卑,,
530,俯,亻,府,,
531,們,亻,門,,
532,倆,亻,兩,,
533,冓,冓,,,
534,冤,冖,免,丶,
535,冢,冖,豖,,
536,凅,冫,固,,
537,剞,奇,刂,,
538,剔,易,刂,,
539,勍,京,力,,
540,叟,叟,,,
541,哥,可,可,,
542,哦,口,我,,
543,唏,口,希,,
544,唔,口,吾,,
545,哽,口,更,,
546,哮,口,孝,,
547,哭,口,口,犬,
548,哢,口,弄,,
549,唳,口,戻,,
550,圄,囗,吾,,
551,埃,土,矣,,
552,埆,土,角,,
553,埒,土,寽,,
554,奚,土,幺,大,
555,奘,爿,士,大,
556,娥,女,我,,
557,娟,女,肙,,
558,娑,沙,女,,
559,娜,女,那,,
560,娉,女,甹,,
561,宦,宀,臣,,
562,宸,宀,辰,,
563,屓,尸,貝,,
564,峭,山,肖の旧字,,
565,峪,山,谷,,
566,恚,圭,心,,
567,恁,任,心,,
568,恙,⺷,心,,
569,悁,忄,肙,,
570,悍,忄,旱,,
571,悃,忄,困,,
572,悚,忄,束,,
573,悄,忄,肖の旧字,,
574,悛,忄,夋,,
575,悖,忄,孛,,
576,悒,忄,邑,,
577,悧,忄,利,,
578,悋,忄,吝,,
579,拿,合,手,,
580,挈,㓞,手,,
581,捐,扌,肙,,
582,捍,扌,旱,,
583,捏,扌,圼,,
584,捩,扌,戻,,
585,旃,方,栴のつくり,,
586,旆,方,𠂉,巿,
587,旁,旁,,,
588,旄,方,𠂉,毛,
589,晟,日,成,,
590,晁,日,兆,,
591,晏,日,安,,
592,耙,耒,巴,,
593,耘,耒,云,,
594,栩,木,羽の旧字,,
595,栞,幵,木,,
596,桙,木,牟,,
597,框,木,匡,,
598,桎,木,至,,
599,蚓,虫,引,,
600,蚪,虫,科,,
601,蚌,虫,丰,,
602,蚩,㞢,虫,,
603,蚣,虫,公,,
604,蚋,虫,內,,
605,栲,木,考,,
606,栫,木,存,,
607,胱,月,光,,
608,胯,月,夸,,
609,胼,月,并,,
610,韋,韋,,,
611,浣,氵,完,,
612,浙,氵,折,,
613,涕,氵,弟,,
614,涓,氵,肙,,
615,浹,氵,夾,,
616,浚,氵,夋,,
617,涅,氵,圼,,
618,涎,氵,延,,
619,笏,⺮,勿,,
620,笆,⺮,巴,,
621,笊,⺮,爪,,
622,笄,⺮,开,,
623,珮,王,几帀,,
624,珥,王,耳,,
625,珞,王,各,,
626,砠,石,且,,
627,紊,文,糸,,
628,紕,糸,比,,
629,紜,糸,云,,
630,耿,耳,火,,
631,鬯,鬯,,,
632,舫,舟,方,,
633,烋,休,灬,,
634,烝,丞,灬,,
635,烙,火,各,,
636,訖,言,乞,,
637,訌,言,工,,
638,訐,言,干,,
639,衾,今,衣,,
640,袗,衤,㐱,,
641,袙,衤,白,,
642,袢,衤,半の旧字,,
643,袒,衤,旦,,
644,袍,衤,包の旧字,,
645,躬,身,弓,,
646,狷,犭,肙,,
647,倏,亻,丨,攵,犬
648,羔,⺷,灬,,
649,眛,目,未,,
650,眩,目,玄,,
651,陜,阝,夾,,
652,陝,阝,㚒,,
653,陟,阝,步,,
654,陞,阝,升土,,
655,郛,孚,阝,,
656,郢,口壬,阝,,
657,郤,谷みたいなの,阝,,
658,疳,疒,甘,,
659,痃,疒,玄,,
660,痂,疒,加,,
661,疸,疒,旦,,
662,疽,疒,且,,
663,疼,疒,冬の旧字,,
664,疱,疒,包の旧字,,
665,莓,艹,每,,
666,莚,艹,延,,
667,莢,艹,夾,,
668,莪,艹,我,,
669,莟,艹,含,,
670,莎,艹,沙,,
671,莅,艹,位,,
672,芻,芻,,,
673,茣,艹,吳,,
674,莨,艹,良,,
675,荳,艹,豆,,
676,莠,艹,秀,,
677,殷,㐆,殳,,
678,荼,艹,余,,
679,荵,艹,忍,,
680,莉,艹,利,,
681,畛,田,㐱,,
682,畚,厶大,田,,
683,豺,豸,才,,
684,耆,老,日,,
685,耄,老,毛,,
686,逅,后,辶,,
687,迹,亦,辶,,
688,迴,回,辶,,
689,迸,并,辶,,
690,竚,立,宁,,
691,站,立,占,,
692,粃,米,比,,
693,秣,禾,末,,
694,秬,禾,巨,,
695,秧,禾,央,,
696,盍,去,皿,,
697,赳,走,丩,,
698,舐,舌,氏,,
699,罠,罒,民,,
700,罟,罒,古,,
701,皰,皮,包の旧字,,
702,翅,支,羽の旧字,,
703,窈,穴,幼,,
704,虔,虍,文,,
705,祗,示,氐,,
706,祠,示,司,,
707,祚,示,乍,,
708,祓,示,犮,,
709,祟,出,示,,
710,衄,血,丑,,
711,豈,山,豆,,
712,冦,冖,元,攴,
713,弉,爿,士,廾,
714,衮,衣分かれたやつ,公,,
715,捓,扌,邪,,
716,粏,米,太,,
717,虒,⺁,虎,,
718,桛,木,上下,,
719,桄,木,光,,
720,哳,口,折,,
721,凊,冫,靑,,
722,偃,亻,匽,,
723,偕,亻,皆,,
724,偐,亻,彥,,
725,偈,亻,曷,,
726,偖,亻,者,,
727,偬,亻,怱,,
728,偸,亻,兪,,
729,做,亻,故,,
730,冕,冃,免,,
731,剪,前の旧字,刀,,
732,剳,荅,刂,,
733,勗,日,助,,
734,匐,勹,畐,,
735,匏,夸,包の旧字,,
736,唹,口,於,,
737,啀,口,厓,,
738,售,隹,口,,
739,啜,口,叕,,
740,啅,口,卓,,
741,啖,口,炎,,
742,啗,口,臽,,
743,唸,口,念,,
744,圉,囗,幸,,
745,堊,亞,土,,
746,堋,土,朋,,
747,婀,女,阿,,
748,婬,女,㸒,,
749,婉,女,宛,,
750,娵,女,取,,
751,娶,取,女,,
752,婢,女,卑,,
753,婪,林,女,,
754,孰,享,丸,,
755,寇,宀,元,攴,
756,崟,山,金,,
757,崛,山,屈,,
758,崑,山,昆,,
759,崔,山,隹,,
760,崢,山,爭,,
761,崚,山,夌,,
762,崙,山,侖,,
763,崘,山,侖,,
764,帷,巾,隹,,
765,弸,弓,朋,,
766,彗,丰丰,はみでたヨ,,
767,徙,彳,歨,,
768,徘,彳,非,,
769,悸,忄,季,,
770,惓,忄,卷,,
771,悴,忄,卒,,
772,悽,忄,妻,,
773,惆,忄,周の旧字,,
774,悵,忄,長,,
775,惘,忄,罔,,
776,戛,一自,戈,,
777,扈,戸,邑,,
778,掖,扌,夜,,
779,掎,扌,奇,,
780,掀,扌,欣,,
781,掫,扌,取,,
782,捶,扌,垂,,
783,掏,扌,匋,,
784,掉,扌,卓,,
785,掟,扌,定,,
786,捫,扌,門,,
787,斛,角,斗,,
788,旌,方,𠂉生,,
789,敖,土方,攵,,
790,毬,求,毛,,
791,毫,高の省略,毛,,
792,晞,日,希,,
793,晤,日,吾,,
794,晧,日,はみでた告,,
795,晨,日,辰,,
796,晢,折,日,,
797,耜,耒,㠯,,
798,閊,門,山,,
799,麸,麦,夫,,
800,桿,木,旱,,
801,桝,木,舛,,
802,桀,舛,木,,
803,梳,木,㐬,,
804,蛄,虫,古,,
805,蚰,虫,由,,
806,蛉,虫,令,,
807,蚯,虫,丘,,
808,蚶,虫,甘,,
809,蚫,虫,包の旧字,,
810,蛆,虫,且,,
811,桷,木,角,,
812,梭,木,夋,,
813,梔,木,巵,,
814,梵,林,凡,,
815,桴,木,孚,,
816,梟,鳥の省略,木,,
817,梠,木,呂,,
818,梺,林,下,,
819,梏,木,はみでた告,,
820,梛,木,那,,
821,梃,木,廷,,
822,脣,辰,月,,
823,脯,月,甫,,
824,脛,月,巠,,
825,脩,亻,丨,攵,月
826,曼,日,罒,又,
827,跂,足,支,,
828,趺,足,夫,,
829,趾,足,止,,
830,鹵,鹵,,,
831,馗,首,九,,
832,淹,氵,奄,,
833,淬,氵,卒,,
834,淒,氵,妻,,
835,涵,氵,函,,
836,涸,氵,固,,
837,淅,氵,析,,
838,淙,氵,宗,,
839,淆,氵,肴,,
840,淪,氵,侖,,
841,淌,氵,尚,,
842,淤,氵,於,,
843,軛,車,厄,,
844,笘,⺮,占,,
845,笞,⺮,台,,
846,笵,⺮,氾,,
847,笳,⺮,加,,
848,笨,⺮,本,,
849,笙,⺮,生,,
850,欸,矣,欠,,
851,欷,希,欠,,
852,琅,王,良,,
853,硅,石,圭,,
854,釵,金,叉,,
855,絅,糸,冋,,
856,紿,糸,台,,
857,絆,糸,半の旧字,,
858,紵,糸,宁,,
859,紮,札,糸,,
860,紲,糸,世,,
861,牾,牛,吾,,
862,犁,利,牛,,
863,酖,酉,冘,,
864,聆,耳,令,,
865,聊,耳,卯,,
866,瓷,次,瓦,,
867,瓸,百,瓦,,
868,舸,舟,可,,
869,舳,舟,由,,
870,烱,火,冏,,
871,焉,焉,,,
872,烽,火,夆,,
873,訛,言,化,,
874,訝,言,牙,,
875,訥,言,內,,
876,袞,袞,,,
877,袤,袤,,,
878,袰,母,衣,,
879,袿,衤,圭,,
880,裃,衤,上下,,
881,裄,衤,行,,
882,袱,衤,伏,,
883,袵,衤,任,,
884,勒,革,力,,
885,猊,犭,兒,,
886,猜,犭,靑,,
887,猖,犭,昌,,
888,猗,犭,奇,,
889,猝,犭,卒,,
890,羝,ななめの羊,氐,,
891,羚,ななめの羊,令,,
892,眷,龹,目,,
893,眥,此,目,,
894,眦,目,此,,
895,眸,目,牟,,
896,陬,阝,取,,
897,陲,阝,垂,,
898,痍,疒,夷,,
899,疵,疒,此,,
900,痊,疒,全,,
901,痒,疒,羊,,
902,殍,歹,孚,,
903,菽,艹,叔,,
904,萢,艹,泡,,
905,菠,艹,波,,
906,菎,艹,昆,,
907,菴,艹,奄,,
908,菲,艹,非,,
909,萃,艹,卒,,
910,萍,艹,泙,,
911,菫,艹,菫の下,,
912,菁,艹,靑,,
913,菘,艹,松,,
914,畤,田,寺,,
915,覓,爫,見,,
916,皎,白,交,,
917,貶,貝,乏,,
918,逑,求,辶,,
919,逕,巠,辶,,
920,逞,呈,辶,,
921,逧,谷,辶,,
922,逡,夋,辶,,
923,逖,狄,辶,,
924,逋,甫,辶,,
925,逍,肖の旧字,辶,,
926,逎,酉,辶,,
927,竟,竟,,,
928,竡,立,百,,
929,盒,合,皿,,
930,衒,行,玄,,
931,翊,立,羽の旧字,,
932,窕,穴,兆,,
933,舂,舂,,,
934,谺,谷,牙,,
935,寃,宀,兔,,
936,厠,厂,則,,
937,勖,冒,力,,
938,屛,尸,幷,,
939,晣,日,折,,
940,悤,悤,,,
941,埳,土,臽,,
942,躮,身,分,,
943,萁,艹,其,,
944,悾,忄,空,,
945,梻,木,佛,,
946,梲,木,兌,,
947,𣶏,氵,疌,,
948,棊,其,木,,
949,筍,⺮,旬,,
950,傀,亻,鬼,,
951,傚,亻,效,,
952,傅,亻,尃,,
953,剴,豈,刂,,
954,厥,厂,欮,,
955,啣,口,卸,,
956,喙,口,彖,,
957,喀,口,客,,
958,喊,口,咸,,
959,喟,口,胃,,
960,啻,帝,口,,
961,啾,口,秋,,
962,喘,口,耑,,
963,喞,口,喞のつくり,,
964,啼,口,帝,,
965,喃,口,南,,
966,喇,口,剌,,
967,喨,口,亮,,
968,堙,土,覀土,,
969,堝,土,咼,,
970,堡,保,土,,
971,奠,酋,大,,
972,奢,大,者,,
973,媚,女,眉,,
974,嫂,女,叟,,
975,孳,兹,子,,
976,寔,宀,是,,
977,寐,宀,寐の下,,
978,屠,尸,者,,
979,孱,尸,孨,,
980,嵌,山,甘欠,,
981,嵒,品,山,,
982,嵎,山,禺,,
983,嵋,山,眉,,
984,幄,巾,屋,,
985,幀,巾,貞,,
986,幇,封,巾,,
987,廁,广,則,,
988,廂,广,相,,
989,弑,メ木,式,,
990,彭,壴,彡,,
991,徨,彳,皇,,
992,愕,忄,咢,,
993,惶,忄,皇,,
994,愀,忄,秋,,
995,惴,忄,耑,,
996,惺,忄,星,,
997,愃,忄,宣,,
998,惻,忄,則,,
999,愎,忄,复,,
1000,戞,頁っぽいの,戈,,
1001,掣,制,手,,
1002,掾,扌,彖,,
1003,揩,扌,皆,,
1004,揀,扌,柬,,
1005,揆,扌,癸,,
1006,揣,扌,耑,,
1007,揉,扌,柔,,
1008,揶,扌,耶,,
1009,揄,扌,兪,,
1010,敞,尚,攵,,
1011,敝,㡀,攵,,
1012,黹,黹,,,
1013,毯,炎,毛,,
1014,毳,毛,毛,毛,
1015,朞,其,月,,
1016,晰,日,析,,
1017,閔,門,文,,
1018,蛞,虫,舌,,
1019,蛬,共,虫,,
1020,蛩,工凡,虫,,
1021,蛯,虫,老,,
1022,蛔,虫,回,,
1023,蛟,虫,交,,
1024,棘,朿,朿,,
1025,椏,木,亞,,
1026,椁,木,享,,
1027,棗,朿,朿,,
1028,棠,龸,呆,,
1029,椈,木,匊,,
1030,椄,木,妾,,
1031,棕,木,宗,,
1032,椒,木,叔,,
1033,椚,木,門,,
1034,棍,木,昆,,
1035,棹,木,卓,,
1036,棣,木,隶,,
1037,腋,月,夜,,
1038,脾,月,卑,,
1039,腓,月,非,,
1040,腆,月,典,,
1041,腑,月,府,,
1042,跏,足,加,,
1043,跖,足,石,,
1044,跌,足,失,,
1045,跚,足,冊,,
1046,跛,足,皮,,
1047,跋,足,犮,,
1048,颪,下,風,,
1049,渙,氵,奐,,
1050,渣,氵,査,,
1051,湲,氵,爰,,
1052,渭,氵,胃,,
1053,湮,氵,覀土,,
1054,湫,氵,秋,,
1055,渾,氵,軍,,
1056,湍,氵,耑,,
1057,渺,氵,眇,,
1058,渫,氵,枼,,
1059,游,氵,斿,,
1060,溂,氵,剌,,
1061,渟,氵,亭,,
1062,湎,氵,面,,
1063,渝,氵,兪,,
1064,湃,氵,拜,,
1065,軻,車,可,,
1066,軫,車,㐱,,
1067,軼,車,失,,
1068,馮,冫,馬,,
1069,馭,馬,又,,
1070,筌,⺮,全,,
1071,筅,⺮,先,,
1072,筐,⺮,匡,,
1073,筝,⺮,争,,
1074,赧,赤,㞋,,
1075,欹,奇,欠,,
1076,琥,王,虎,,
1077,琲,王,非,,
1078,琺,王,法,,
1079,釿,金,斤,,
1080,鈞,金,匀,,
1081,鈕,金,丑,,
1082,鈑,金,反,,
1083,鈔,金,少,,
1084,絖,糸,光,,
1085,絎,糸,行,,
1086,絣,糸,并,,
1087,絨,糸,戎,,
1088,絏,糸,曳,,
1089,絮,如,糸,,
1090,犂,犂の上,牛,,
1091,犇,牛,牛,牛,
1092,酣,酉,甘,,
1093,酥,酉,禾,,
1094,聒,耳,舌,,
1095,牋,片,戔,,
1096,焜,火,昆,,
1097,焙,火,咅,,
1098,詛,言,且,,
1099,詈,罒,言,,
1100,訶,言,可,,
1101,詁,言,古,,
1102,詆,言,氐,,
1103,詒,言,台,,
1104,瓠,夸,瓜,,
1105,裙,衤,君,,
1106,覃,襾,早,,
1107,靫,革,叉,,
1108,猴,犭,侯,,
1109,猩,犭,星,,
1110,猯,犭,耑,,
1111,猥,犭,畏,,
1112,睇,目,弟,,
1113,隋,阝,左月,,
1114,隍,阝,皇,,
1115,鄂,咢,阝,,
1116,痙,疒,巠,,
1117,痞,疒,否,,
1118,痣,疒,志,,
1119,粢,次,米,,
1120,粤,粤,,,
1121,粨,米,百,,
1122,辜,古,辛,,
1123,甦,生,更,,
1124,萼,艹,咢,,
1125,葩,艹,皅,,
1126,葷,艹,軍,,
1127,萸,艹,臾,,
1128,萵,艹,咼,,
1129,葯,艹,約,,
1130,葭,艹,叚,,
1131,葆,艹,保,,
1132,蒂,艹,帝,,
1133,畭,田,余,,
1134,畴,田,寿,,
1135,覘,占,見,,
1136,釉,釆,由,,
1137,皓,白,告,,
1138,皖,白,完,,
1139,貂,豸,召,,
1140,耋,老,至,,
1141,貽,貝,台,,
1142,賁,十卄,貝,,
1143,逵,坴,辶,,
1144,竢,立,矣,,
1145,竦,立,束,,
1146,稈,禾,旱,,
1147,稍,禾,肖の旧字,,
1148,趁,㐱,走,,
1149,舒,舍,予,,
1150,觝,角,氐,,
1151,皴,夋,皮,,
1152,翔,ななめの羊,羽,,
1153,翕,合,羽の旧字,,
1154,窖,穴,はみでた告,,
1155,窘,穴,君,,
1156,厦,厂,夏,,
1157,腁,月,幷,,
1158,筓,⺮,ななめの幵,,
1159,畬,余,田,,
1160,孶,茲,子,,
1161,逬,辶,幷,,
1162,晳,析,日,,
1163,跎,足,它,,
1164,裎,衤,口壬,,
1165,愒,忄,曷,,
1166,喑,口,咅,,
1167,焠,火,卒,,
1168,猋,犬,犬,犬,
1169,堽,土,堽の右,,
1170,韵,音,匀,,
1171,亶,㐭,旦,,
1172,傴,亻,區,,
1173,僉,亼,口人口人,,
1174,僂,亻,婁,,
1175,剿,巢,刂,,
1176,剽,票,刂,,
1177,勣,責,力,,
1178,勦,巢,力,,
1179,飭,食偏の旧字,𠂉力,,
1180,勠,翏,力,,
1181,匯,匚,淮,,
1182,嗚,口,烏,,
1183,嗇,嗇,,,
1184,嗟,口,差,,
1185,嗄,口,夏,,
1186,嗜,口,耆,,
1187,嗤,口,蚩,,
1188,嗔,口,眞,,
1189,塋,𤇾,土,,
1190,塒,土,時,,
1191,壼,壼,,,
1192,媼,女,囚皿,,
1193,媾,女,冓,,
1194,嫋,女,弱の旧字,,
1195,媽,女,馬,,
1196,寞,宀,莫,,
1197,尠,甚,少,,
1198,嵬,山,鬼,,
1199,幃,巾,韋,,
1200,幎,巾,冥,,
1201,廈,广,夏,,
1202,徭,彳,䍃,,
1203,愆,衍,心,,
1204,惷,春,心,,
1205,愍,敃,心,,
1206,慍,忄,囚皿,,
1207,愾,忄,氣,,
1208,愧,忄,鬼,,
1209,慊,忄,兼の旧字,,
1210,愴,忄,倉,,
1211,戡,甚,戈,,
1212,搆,扌,冓,,
1213,搦,扌,弱の旧字,,
1214,搶,扌,倉,,
1215,搓,扌,差,,
1216,搗,扌,島,,
1217,搏,扌,尃,,
1218,搨,扌,搨の右,,
1219,斟,甚,斗,,
1220,旒,方,𠂉㐬,,
1221,鳰,入,鳥,,
1222,鳧,鳥,几,,
1223,黽,黽,,,
1224,暈,日,軍,,
1225,暉,日,軍,,
1226,暘,日,昜,,
1227,暄,日,宣,,
1228,耡,耒,助,,
1229,閘,門,甲,,
1230,雹,雨,包の旧字,,
1231,蜒,虫,延,,
1232,蜉,虫,孚,,
1233,蜀,蜀,,,
1234,蛻,虫,兌,,
1235,蜊,虫,利,,
1236,蜍,虫,余,,
1237,蜈,虫,吳,,
1238,蛹,虫,甬,,
1239,蜑,延,虫,,
1240,蜆,虫,見,,
1241,蜃,辰,虫,,
1242,椶,木,㚇,,
1243,楹,木,盈,,
1244,椰,木,耶,,
1245,楸,木,秋,,
1246,楫,木,咠,,
1247,楮,木,者,,
1248,椽,木,彖,,
1249,楾,木,泉,,
1250,榁,木,室,,
1251,楔,木,つきでた契,,
1252,楡,木,兪,,
1253,楝,木,柬,,
1254,椹,木,甚,,
1255,楞,木,罒方,,
1256,腮,月,思,,
1257,腴,月,臾,,
1258,腱,月,建,,
1259,腥,月,星,,
1260,腟,月,室,,
1261,跟,足,艮,,
1262,跣,足,先,,
1263,跪,足,危,,
1264,跫,工凡,足,,
1265,滉,氵,晃,,
1266,溽,氵,辱,,
1267,滄,氵,倉,,
1268,溏,氵,つきでた唐,,
1269,溥,氵,尃,,
1270,溷,氵,圂,,
1271,滔,氵,舀,,
1272,滂,氵,旁,,
1273,溘,氵,盍,,
1274,溟,氵,冥,,
1275,溲,氵,叟,,
1276,軾,車,式,,
1277,輅,車,各,,
1278,輊,車,至,,
1279,輌,車,両,,
1280,筺,⺮,匤,,
1281,筥,⺮,呂,,
1282,筵,⺮,延,,
1283,筧,⺮,見,,
1284,筰,⺮,作,,
1285,筬,⺮,成,,
1286,筮,⺮,巫,,
1287,筱,⺮,攸,,
1288,筴,⺮,夾,,
1289,麁,麁,,,
1290,歇,曷,欠,,
1291,歃,臿,欠,,
1292,肄,匕矢,聿,,
1293,肆,镸,聿,,
1294,雎,且,隹,,
1295,雉,矢,隹,,
1296,雍,雍,,,
1297,雋,雋,,,
1298,瑟,玨,必,,
1299,瑙,王,巛囟,,
1300,瑁,王,冒,,
1301,瑕,王,叚,,
1302,瑜,王,兪,,
1303,瑶,王,揺の右,,
1304,髢,髟,也,,
1305,碚,石,咅,,
1306,硼,石,朋,,
1307,碌,石,彖,,
1308,鉗,金,甘,,
1309,鉉,金,玄,,
1310,鉞,金,戊っぽいの,,
1311,鉅,金,巨,,
1312,鉋,金,包の旧字,,
1313,鉈,金,它,,
1314,鈿,金,田,,
1315,絳,糸,夅,,
1316,綏,糸,妥っぽいの,,
1317,絽,糸,呂,,
1318,綉,糸,秀,,
1319,絛,絛,,,
1320,綛,糸,忍,,
1321,綟,糸,戻,,
1322,骭,骨,干,,
1323,酩,酉,名,,
1324,聘,耳,甹,,
1325,艀,舟,孚,,
1326,煥,火,奐,,
1327,煢,𤇾,卂,,
1328,煌,火,皇,,
1329,煬,火,昜,,
1330,煖,火,爰,,
1331,煦,昫,灬,,
1332,詭,言,危,,
1333,詢,言,旬,,
1334,誄,言,耒,,
1335,詬,言,后,,
1336,誅,言,朱,,
1337,誂,言,兆,,
1338,詼,言,灰の旧字,,
1339,矮,矢,委,,
1340,閙,門,市,,
1341,裔,衣,冏,,
1342,裘,求,衣,,
1343,褂,衤,卦,,
1344,裼,衤,易,,
1345,裲,衤,兩,,
1346,裨,衤,卑,,
1347,褄,衤,妻,,
1348,躱,身,朶,,
1349,獏,犭,莫,,
1350,猾,犭,骨,,
1351,頏,亢,頁,,
1352,頌,公,頁,,
1353,睫,目,疌,,
1354,睨,目,兒,,
1355,睛,目,靑,,
1356,睚,目,厓,,
1357,睥,目,卑,,
1358,隗,阝,鬼,,
1359,隕,阝,員,,
1360,隘,阝,益,,
1361,鄒,芻,阝,,
1362,痿,疒,委,,
1363,痾,疒,阿,,
1364,痰,疒,炎,,
1365,痺,疒,卑,,
1366,痼,疒,固,,
1367,痳,疒,林,,
1368,痲,疒,林っぽいの,,
1369,瘁,疒,卒,,
1370,粱,氵刅,米,,
1371,粳,米,便,,
1372,粲,歺又,米,,
1373,糀,米,花,,
1374,飩,食偏の旧字,屯,,
1375,飫,食偏の旧字,夭,,
1376,辟,尸口,辛,,
1377,蒭,艹,芻,,
1378,蒿,艹,高,,
1379,蓙,艹,座,,
1380,蒟,艹,竘,,
1381,蓖,艹,囟比,,
1382,蒡,艹,旁,,
1383,蓍,艹,耆,,
1384,蓆,艹,席,,
1385,蒹,艹,兼の旧字,,
1386,蓁,艹,秦,,
1387,蓐,艹,辱,,
1388,蒻,艹,弱の旧字,,
1389,畸,田,奇,,
1390,皙,析,白,,
1391,貊,豸,百,,
1392,貉,豸,各,,
1393,賈,覀,貝,,
1394,貲,此,貝,,
1395,遐,叚,辶,,
1396,遒,酋,辶,,
1397,遖,南,辶,,
1398,遏,曷,辶,,
1399,遑,皇,辶,,
1400,逾,兪,辶,,
1401,遉,貞,辶,,
1402,稟,㐭,禾,,
1403,禀,㐭,示,,
1404,稠,禾,つきでた周,,
1405,盞,戔,皿,,
1406,觚,角,瓜,,
1407,觜,此,角,,
1408,衙,行,吾,,
1409,罧,罒,林,,
1410,罨,罒,奄,,
1411,罩,罒,卓,,
1412,舅,臼,男,,
1413,祺,示,其,,
1414,豢,龹の旧字,豕,,
1415,滓,氵,宰,,
1416,蜹,虫,芮,,
1417,輀,車,而,,
1418,瑇,王,毒の旧字,,
1419,榆,木,俞,,
1420,蜋,虫,良,,
1421,魞,魚,入,,
1422,觥,角,光,,
1423,筲,⺮,肖の旧字,,
1424,蜓,虫,延,,
1425,痹,疒,畀,,
1426,搤,扌,益,,
1427,腠,月,奏,,
1428,榀,木,品,,
1429,聟,知,耳,,
1430,僊,亻,䙴,,
1431,僖,亻,喜,,
1432,僥,亻,堯,,
1433,僣,亻,替,,
1434,僮,亻,童,,
1435,兢,克,克,,
1436,匱,匚,貴,,
1437,嘔,口,區,,
1438,嗷,口,敖,,
1439,嘖,口,責,,
1440,嗾,口,族,,
1441,嗽,口,欶,,
1442,嘛,口,麻っぽいの,,
1443,塹,斬,土,,
1444,墅,野,土,,
1445,夐,夐,,,
1446,夥,果,多,,
1447,嫦,女,常,,
1448,嫣,女,焉,,
1449,嫗,女,區,,
1450,嫩,女,欶,,
1451,嫖,女,票,,
1452,孵,卵,孚,,
1453,寤,宀,爿吾,,
1454,寥,宀,翏,,
1455,嶇,山,區,,
1456,嶄,山,斬,,
1457,嶂,山,章,,
1458,幗,巾,國,,
1459,幔,巾,曼,,
1460,麼,麻っぽいの,幺,,
1461,廖,广,翏,,
1462,慇,殷,心,,
1463,愨,愨の上,心,,
1464,愿,原,心,,
1465,愬,朔,心,,
1466,慂,湧,心,,
1467,慷,忄,康,,
1468,慚,忄,斬,,
1469,慴,忄,習の旧字,,
1470,慥,忄,造っぽいの,,
1471,慟,忄,動,,
1472,慝,匿,心,,
1473,慓,忄,票,,
1474,慵,忄,庸,,
1475,截,十戈,隹,,
1476,搴,塞の上,手,,
1477,摶,扌,專,,
1478,摧,扌,崔,,
1479,摎,扌,翏,,
1480,敲,高,攴,,
1481,曄,日,華,,
1482,暝,日,冥,,
1483,閨,門,圭,,
1484,閧,門,共,,
1485,蜴,虫,易,,
1486,蜿,虫,宛,,
1487,蜚,非,虫,,
1488,蜥,虫,析,,
1489,蜻,虫,靑,,
1490,蜩,虫,つきでた周,,
1491,蜷,虫,卷,,
1492,槓,木,貢,,
1493,槁,木,高,,
1494,槎,木,差,,
1495,榻,木,搨の右,,
1496,寨,塞の上,木,,
1497,槐,木,鬼,,
1498,榧,木,匪,,
1499,榾,木,骨,,
1500,榴,木,留,,
1501,榑,木,尃,,
1502,榜,木,旁,,
1503,槊,朔,木,,
1504,榕,木,容,,
1505,榔,木,郞,,
1506,槃,般,木,,
1507,榱,木,衰,,
1508,膃,月,囚皿,,
1509,膈,月,鬲,,
1510,膀,月,旁,,
1511,膂,旅っぽいの,月,,
1512,膊,月,尃,,
1513,跼,足,局,,
1514,跿,足,走,,
1515,踉,足,良,,
1516,韶,音,召,,
1517,靤,面,包の旧字,,
1518,颯,立,風,,
1519,颱,風,台,,
1520,滾,氵,袞,,
1521,漲,氵,張,,
1522,滬,氵,扈,,
1523,滸,氵,許,,
1524,漱,氵,欶,,
1525,漾,氵,羕,,
1526,滲,氵,參,,
1527,漓,氵,离,,
1528,滷,氵,鹵,,
1529,滌,氵,條,,
1530,輒,車,耴っぽいの,,
1531,輓,車,免,,
1532,箘,⺮,囷,,
1533,箜,⺮,空,,
1534,箍,⺮,㧜,,
1535,箝,⺮,拑,,
1536,箒,⺮,帚,,
1537,箏,⺮,爭,,
1538,箚,⺮,㓣,,
1539,箙,⺮,服,,
1540,歉,兼の旧字,欠,,
1541,瑯,王,郞,,
1542,瑣,王,瑣の右,,
1543,瑪,王,馬,,
1544,瑰,王,鬼,,
1545,髦,髟,毛,,
1546,髣,髟,方,,
1547,碪,石,甚,,
1548,碣,石,曷,,
1549,銜,行,金,,
1550,銖,金,朱,,
1551,銕,金,夷,,
1552,銓,金,全,,
1553,銛,金,舌,,
1554,鋩,金,芒,,
1555,綺,糸,奇,,
1556,綵,糸,采っぽいの,,
1557,緇,糸,甾,,
1558,綽,糸,卓,,
1559,綢,糸,つきでた周,,
1560,綣,糸,卷,,
1561,綸,糸,侖,,
1562,綯,糸,匋,,
1563,綮,戸攵,糸,,
1564,綰,糸,官,,
1565,綫,糸,戔,,
1566,骰,骨,殳,,
1567,犒,牛,高,,
1568,犖,𤇾,牛,,
1569,酲,酉,口壬,,
1570,酳,酉,幺月,,
1571,聚,取,乑,,
1572,聢,耳,定,,
1573,甄,垔,瓦,,
1574,甅,瓦,厘,,
1575,甃,秋,瓦,,
1576,熕,火,貢,,
1577,熄,火,息,,
1578,煕,巸,灬,,
1579,熏,熏,,,
1580,誨,言,每,,
1581,誡,言,戒,,
1582,誣,言,巫,,
1583,誦,言,甬,,
1584,誚,言,瑣の右,,
1585,誑,言,狂,,
1586,誥,言,はみでた告,,
1587,裹,裹,,,
1588,裴,非,衣,,
1589,褌,衤,軍,,
1590,褊,衤,扁,,
1591,褓,衤,保,,
1592,褝,衤,単,,
1593,靼,革,旦,,
1594,鞁,革,皮,,
1595,靺,革,末,,
1596,鞅,革,央,,
1597,鞆,革,丙,,
1598,睾,血,幸,,
1599,睹,目,者,,
1600,鄙,啚,阝,,
1601,瘧,疒,虐,,
1602,瘋,疒,風,,
1603,瘉,疒,兪,,
1604,粽,米,宗,,
1605,殞,歹,員,,
1606,蓼,艹,翏,,
1607,蔗,艹,庶,,
1608,蔔,艹,匐,,
1609,蔡,艹,祭,,
1610,蔘,艹,參,,
1611,蔟,艹,族,,
1612,蓴,艹,蓴の下,,
1613,蓿,艹,宿,,
1614,蔕,艹,帶,,
1615,覡,巫,見,,
1616,遘,冓,辶,,
1617,竭,立,曷,,
1618,竰,立,厘,,
1619,趙,瑣の右,走,,
1620,皹,皮,軍,,
1621,皸,軍,皮,,
1622,翡,非,羽の旧字,,
1623,窩,穴,咼,,
1624,禊,示,つきでた契,,
1625,厮,厂,斯,,
1626,槔,木,皋,,
1627,髥,髟,冄,,
1628,劄,答,刂,,
1629,綦,其,糸,,
1630,慠,忄,敖,,
1631,摏,扌,舂,,
1632,厲,厂,萬,,
1633,塿,土,婁,,
1634,澂,氵,澂の右,,
1635,僵,亻,畺,,
1636,儁,亻,雋,,
1637,儂,亻,農,,
1638,儚,亻,夢,,
1639,冪,冖,幕,,
1640,凜,冫,稟,,
1641,凛,冫,禀,,
1642,劈,辟,刀,,
1643,匳,匚,僉,,
1644,噎,口,壹,,
1645,嘶,口,斯,,
1646,嘸,口,無,,
1647,墟,土,虚の旧字,,
1648,嫺,女,閒,,
1649,嫻,女,閑,,
1650,嬌,女,喬,,
1651,嬋,女,單,,
1652,嶢,山,堯,,
1653,嶝,山,登,,
1654,幟,巾,戠,,
1655,幢,巾,童,,
1656,廝,广,斯,,
1657,廛,广,纏の右,,
1658,廡,广,無,,
1659,慳,忄,堅,,
1660,慙,斬,心,,
1661,慫,從,心,,
1662,憔,忄,焦,,
1663,憚,忄,單,,
1664,憫,忄,閔,,
1665,憮,忄,無,,
1666,戮,翏,戈,,
1667,撓,扌,堯,,
1668,撥,扌,發,,
1669,撕,扌,斯,,
1670,撩,扌,尞,,
1671,撈,扌,勞,,
1672,黎,黎,,,
1673,麾,麻っぽいの,毛,,
1674,鴉,牙,鳥,,
1675,鴃,鳥,夬,,
1676,鴆,冘,鳥,,
1677,魴,魚,方,,
1678,麩,麥,夫,,
1679,魃,鬼,犮,,
1680,魄,白,鬼,,
1681,閭,門,呂,,
1682,霄,雨,瑣の右,,
1683,霈,雨,沛,,
1684,霆,雨,延,,
1685,蝨,卂,䖵,,
1686,蝠,虫,畐,,
1687,蝮,虫,复,,
1688,蝌,虫,科,,
1689,蝴,虫,胡,,
1690,蝙,虫,扁,,
1691,蝓,虫,兪,,
1692,蝗,虫,皇,,
1693,蝟,虫,胃,,
1694,蝎,虫,曷,,
1695,蝣,虫,斿,,
1696,蝸,虫,咼,,
1697,蟒,虫,莽,,
1698,槹,木,皐,,
1699,槲,木,斛,,
1700,槭,木,戚,,
1701,樊,棥,大,,
1702,槧,斬,木,,
1703,槿,木,堇,,
1704,樅,木,從,,
1705,樛,木,翏,,
1706,樔,木,巢,,
1707,樒,木,密,,
1708,槨,木,郭,,
1709,膣,月,窒,,
1710,膠,月,翏,,
1711,踝,足,果,,
1712,踟,足,知,,
1713,踞,足,居,,
1714,膵,月,萃,,
1715,漿,將,水,,
1716,滕,月,龹の旧字氺,,
1717,潸,氵,潸の右,,
1718,潘,氵,番,,
1719,澎,氵,彭,,
1720,潺,氵,孱,,
1721,潭,氵,覀早,,
1722,澆,氵,堯,,
1723,潯,氵,尋の旧字,,
1724,潦,氵,尞,,
1725,濆,氵,賁,,
1726,輙,車,取,,
1727,輟,車,叕,,
1728,輜,車,甾,,
1729,輦,㚘,車,,
1730,輛,車,兩,,
1731,駟,馬,四,,
1732,駛,馬,史,,
1733,駑,奴,馬,,
1734,駘,馬,台,,
1735,駝,馬,它,,
1736,篁,⺮,皇,,
1737,篌,⺮,侯,,
1738,篆,⺮,彖,,
1739,篋,⺮,匧,,
1740,箴,⺮,咸,,
1741,瑩,𤇾,玉,,
1742,璋,王,章,,
1743,瑾,王,堇,,
1744,髫,髟,召,,
1745,髯,髟,冉,,
1746,髴,髟,弗,,
1747,髱,髟,包の旧字,,
1748,磑,石,豈,,
1749,磋,石,差,,
1750,碾,石,展,,
1751,磅,石,旁,,
1752,碼,石,馬,,
1753,磊,石,砳,,
1754,鋏,金,夾,,
1755,銹,金,秀,,
1756,銷,金,肖の旧字,,
1757,錵,金,花,,
1758,錺,金,芳,,
1759,緤,糸,枼,,
1760,緞,糸,段,,
1761,緘,糸,咸,,
1762,緲,糸,眇,,
1763,縅,糸,威,,
1764,緝,糸,咠,,
1765,緡,糸,昬,,
1766,醋,酉,昔,,
1767,醂,酉,林,,
1768,甍,甍,,,
1769,熨,尉,火,,
1770,熙,熙,,,
1771,熈,熈,,,
1772,熬,敖,灬,,
1773,諄,言,享,,
1774,諚,言,定,,
1775,諍,言,爭,,
1776,諂,言,臽,,
1777,諛,言,臾,,
1778,鬧,鬥,市,,
1779,褞,衤,囚皿,,
1780,褥,衤,辱,,
1781,褫,衤,虒,,
1782,褪,衤,退の旧字,,
1783,鞐,革,上下,,
1784,鞋,革,圭,,
1785,鞏,工凡,革,,
1786,獗,,,,
1787,羯,,,,
1788,頡,,,,
1789,瞎,,,,
1790,瞑,,,,
1791,瞋,,,,
1792,鄲,,,,
1793,瘟,,,,
1794,瘠,,,,
1795,瘤,,,,
1796,瘢,,,,
1797,瘡,,,,
1798,糅,,,,
1799,糂,,,,
1800,餉,,,,
1801,餃,,,,
1802,殤,,,,
1803,靠,,,,
1804,蔬,,,,
1805,蕘,,,,
1806,蕕,,,,
1807,蕁,,,,
1808,蕈,,,,
1809,蕀,,,,
1810,皚,,,,
1811,貎,,,,
1812,賚,,,,
1813,遯,,,,
1814,遨,,,,
1815,稷,,,,
1816,皺,,,,
1817,翦,,,,
1818,翩,,,,
1819,禝,,,,
1820,臧,,,,
1821,豌,,,,
1822,鴂,,,,
1823,魳,,,,
1824,魸,,,,
1825,魬,,,,
1826,踑,,,,
1827,耦,,,,
1828,蝘,,,,
1829,蝲,,,,
1830,璇,,,,
1831,噁,,,,
1832,牖,,,,
1833,璢,,,,
1834,僭,,,,
1835,儕,,,,
1836,儔,,,,
1837,冀,,,,
1838,嘴,,,,
1839,噫,,,,
1840,噤,,,,
1841,嘯,,,,
1842,噬,,,,
1843,噪,,,,
1844,嚆,,,,
1845,圜,,,,
1846,壅,,,,
1847,嬖,,,,
1848,寰,,,,
1849,嶬,,,,
1850,嶮,,,,
1851,嶼,,,,
1852,廨,,,,
1853,廩,,,,
1854,彜,,,,
1855,徼,,,,
1856,憖,,,,
1857,憊,,,,
1858,憑,,,,
1859,懌,,,,
1860,懊,,,,
1861,懈,,,,
1862,懆,,,,
1863,憺,,,,
1864,懍,,,,
1865,擒,,,,
1866,撼,,,,
1867,擅,,,,
1868,撻,,,,
1869,擂,,,,
1870,黔,,,,
1871,鴟,,,,
1872,鴒,,,,
1873,鴕,,,,
1874,鴣,,,,
1875,鴪,,,,
1876,鮃,,,,
1877,鮓,,,,
1878,鮑,,,,
1879,鮗,,,,
1880,鮖,,,,
1881,暾,,,,
1882,暹,,,,
1883,曁,,,,
1884,耨,,,,
1885,麭,,,,
1886,閻,,,,
1887,閼,,,,
1888,閹,,,,
1889,閾,,,,
1890,霓,,,,
1891,霎,,,,
1892,霑,,,,
1893,霙,,,,
1894,霏,,,,
1895,霖,,,,
1896,蟇,,,,
1897,蟆,,,,
1898,螂,,,,
1899,螟,,,,
1900,橄,,,,
1901,橙,,,,
1902,樸,,,,
1903,橇,,,,
1904,橦,,,,
1905,橈,,,,
1906,檠,,,,
1907,膩,,,,
1908,蹂,,,,
1909,踵,,,,
1910,踰,,,,
1911,踴,,,,
1912,膰,,,,
1913,靦,,,,
1914,澡,,,,
1915,澪,,,,
1916,澣,,,,
1917,澹,,,,
1918,澳,,,,
1919,濛,,,,
1920,輻,,,,
1921,輹,,,,
1922,輳,,,,
1923,駮,,,,
1924,駱,,,,
1925,駭,,,,
1926,駢,,,,
1927,赭,,,,
1928,麈,,,,
1929,歔,,,,
1930,歙,,,,
1931,霍,,,,
1932,雕,,,,
1933,篝,,,,
1934,篩,,,,
1935,篥,,,,
1936,簑,,,,
1937,璞,,,,
1938,髻,,,,
1939,髷,,,,
1940,磔,,,,
1941,磬,,,,
1942,磧,,,,
1943,磚,,,,
1944,錏,,,,
1945,錙,,,,
1946,錣,,,,
1947,錻,,,,
1948,鋺,,,,
1949,錚,,,,
1950,縡,,,,
1951,縟,,,,
1952,縊,,,,
1953,縉,,,,
1954,縋,,,,
1955,縢,,,,
1956,縒,,,,
1957,骼,,,,
1958,甌,,,,
1959,甎,,,,
1960,艘,,,,
1961,艙,,,,
1962,熹,,,,
1963,熾,,,,
1964,燉,,,,
1965,燔,,,,
1966,燗,,,,
1967,燎,,,,
1968,諤,,,,
1969,諠,,,,
1970,諢,,,,
1971,謔,,,,
1972,諞,,,,
1973,諳,,,,
1974,諷,,,,
1975,諡,,,,
1976,鬨,,,,
1977,襁,,,,
1978,褸,,,,
1979,褶,,,,
1980,躾,,,,
1981,獪,,,,
1982,羲,,,,
1983,頤,,,,
1984,頷,,,,
1985,頽,,,,
1986,瞠,,,,
1987,瞞,,,,
1988,隧,,,,
1989,瘰,,,,
1990,瘴,,,,
1991,瘻,,,,
1992,糒,,,,
1993,餔,,,,
1994,餒,,,,
1995,殫,,,,
1996,殪,,,,
1997,蕣,,,,
1998,薊,,,,
1999,蕷,,,,
2000,蕾,,,,
2001,薔,,,,
2002,薨,,,,
2003,薀,,,,
2004,薑,,,,
2005,薜,,,,
2006,薛,,,,
2007,薈,,,,
2008,薇,,,,
2009,薐,,,,
2010,薤,,,,
2011,蕭,,,,
2012,覦,,,,
2013,覩,,,,
2014,遶,,,,
2015,邁,,,,
2016,盧,,,,
2017,盥,,,,
2018,罹,,,,
2019,窶,,,,
2020,臻,,,,
2021,臈,,,,
2022,墻,,,,
2023,鴥,,,,
2024,篡,,,,
2025,麇,,,,
2026,鮇,,,,
2027,赬,,,,
2028,篪,,,,
2029,縕,,,,
2030,薏,,,,
2031,﨟,,,,
2032,螈,,,,
2033,螗,,,,
2034,噦,,,,
2035,噯,,,,
2036,𩶗,,,,
2037,謌,,,,
2038,襍,,,,
2039,黏,,,,
2040,儡,,,,
2041,簒,,,,
2042,燮,,,,
2043,嚀,,,,
2044,嚊,,,,
2045,嚏,,,,
2046,壑,,,,
2047,嬲,,,,
2048,嬪,,,,
2049,嬶,,,,
2050,孺,,,,
2051,嶷,,,,
2052,懃,,,,
2053,懋,,,,
2054,懦,,,,
2055,擘,,,,
2056,擱,,,,
2057,擠,,,,
2058,擡,,,,
2059,擣,,,,
2060,擯,,,,
2061,龠,,,,
2062,鼾,,,,
2063,黜,,,,
2064,黝,,,,
2065,齔,,,,
2066,斂,,,,
2067,黻,,,,
2068,鵄,,,,
2069,鴿,,,,
2070,鵁,,,,
2071,鴾,,,,
2072,鵆,,,,
2073,氈,,,,
2074,鮟,,,,
2075,鮨,,,,
2076,鮠,,,,
2077,鮴,,,,
2078,朦,,,,
2079,曚,,,,
2080,闊,,,,
2081,濶,,,,
2082,闃,,,,
2083,闍,,,,
2084,闌,,,,
2085,罅,,,,
2086,蟋,,,,
2087,螽,,,,
2088,螳,,,,
2089,蟀,,,,
2090,螯,,,,
2091,螻,,,,
2092,螫,,,,
2093,蟄,,,,
2094,蠎,,,,
2095,檣,,,,
2096,檐,,,,
2097,檄,,,,
2098,檗,,,,
2099,檬,,,,
2100,檪,,,,
2101,蹊,,,,
2102,蹉,,,,
2103,蹌,,,,
2104,蹇,,,,
2105,蹐,,,,
2106,蹈,,,,
2107,臀,,,,
2108,臂,,,,
2109,膺,,,,
2110,膾,,,,
2111,臉,,,,
2112,牆,,,,
2113,馘,,,,
2114,颶,,,,
2115,濬,,,,
2116,濘,,,,
2117,濔,,,,
2118,轅,,,,
2119,轂,,,,
2120,輾,,,,
2121,駻,,,,
2122,騁,,,,
2123,駸,,,,
2124,麋,,,,
2125,歟,,,,
2126,歛,,,,
2127,雖,,,,
2128,簔,,,,
2129,篷,,,,
2130,簍,,,,
2131,簓,,,,
2132,簇,,,,
2133,簀,,,,
2134,簗,,,,
2135,篳,,,,
2136,磽,,,,
2137,磴,,,,
2138,鍼,,,,
2139,鍮,,,,
2140,鍠,,,,
2141,縻,,,,
2142,繆,,,,
2143,縹,,,,
2144,縵,,,,
2145,縺,,,,
2146,繃,,,,
2147,縲,,,,
2148,縷,,,,
2149,醢,,,,
2150,聳,,,,
2151,艚,,,,
2152,艝,,,,
2153,燵,,,,
2154,燧,,,,
2155,燠,,,,
2156,燬,,,,
2157,謚,,,,
2158,諱,,,,
2159,謇,,,,
2160,謐,,,,
2161,謗,,,,
2162,謖,,,,
2163,謨,,,,
2164,譁,,,,
2165,褻,,,,
2166,襄,,,,
2167,襌,,,,
2168,鞜,,,,
2169,獰,,,,
2170,顆,,,,
2171,瞰,,,,
2172,隰,,,,
2173,癇,,,,
2174,癆,,,,
2175,癈,,,,
2176,癘,,,,
2177,糜,,,,
2178,餡,,,,
2179,餤,,,,
2180,餞,,,,
2181,藉,,,,
2182,薹,,,,
2183,薺,,,,
2184,藐,,,,
2185,覯,,,,
2186,覬,,,,
2187,貘,,,,
2188,賻,,,,
2189,賽,,,,
2190,賺,,,,
2191,邂,,,,
2192,邀,,,,
2193,遽,,,,
2194,盪,,,,
2195,艱,,,,
2196,翳,,,,
2197,窿,,,,
2198,虧,,,,
2199,禧,,,,
2200,豁,,,,
2201,谿,,,,
2202,繈,,,,
2203,幫,,,,
2204,鮱,,,,
2205,鮲,,,,
2206,鵇,,,,
2207,糝,,,,
2208,螾,,,,
2209,蟎,,,,
2210,檋,,,,
2211,檔,,,,
2212,壎,,,,
2213,獮,,,,
2214,嚠,,,,
2215,嚔,,,,
2216,壙,,,,
2217,彝,,,,
2218,懣,,,,
2219,懴,,,,
2220,戳,,,,
2221,擲,,,,
2222,擺,,,,
2223,擽,,,,
2224,攅,,,,
2225,鼕,,,,
2226,黠,,,,
2227,鼬,,,,
2228,旛,,,,
2229,斃,,,,
2230,鵝,,,,
2231,鵞,,,,
2232,鵑,,,,
2233,鵤,,,,
2234,鵙,,,,
2235,鯀,,,,
2236,鯊,,,,
2237,鯒,,,,
2238,鯑,,,,
2239,鯏,,,,
2240,鮹,,,,
2241,魍,,,,
2242,魎,,,,
2243,魏,,,,
2244,闖,,,,
2245,闔,,,,
2246,闕,,,,
2247,霤,,,,
2248,蟠,,,,
2249,蟯,,,,
2250,櫁,,,,
2251,檸,,,,
2252,櫃,,,,
2253,櫂,,,,
2254,檳,,,,
2255,蹙,,,,
2256,蹠,,,,
2257,蹣,,,,
2258,蹤,,,,
2259,蹕,,,,
2260,臑,,,,
2261,臍,,,,
2262,瀋,,,,
2263,濺,,,,
2264,瀁,,,,
2265,瀏,,,,
2266,瀉,,,,
2267,瀑,,,,
2268,濾,,,,
2269,轆,,,,
2270,轌,,,,
2271,騅,,,,
2272,騏,,,,
2273,麌,,,,
2274,簣,,,,
2275,簧,,,,
2276,簟,,,,
2277,瓊,,,,
2278,鬆,,,,
2279,礒,,,,
2280,礑,,,,
2281,鎰,,,,
2282,鎹,,,,
2283,鎬,,,,
2284,繧,,,,
2285,繚,,,,
2286,繖,,,,
2287,繝,,,,
2288,繦,,,,
2289,繙,,,,
2290,繞,,,,
2291,髀,,,,
2292,醪,,,,
2293,馥,,,,
2294,聶,,,,
2295,甕,,,,
2296,甓,,,,
2297,釐,,,,
2298,艟,,,,
2299,燹,,,,
2300,燿,,,,
2301,燼,,,,
2302,燻,,,,
2303,謦,,,,
2304,謾,,,,
2305,鞫,,,,
2306,謳,,,,
2307,謫,,,,
2308,鬩,,,,
2309,襠,,,,
2310,鞦,,,,
2311,鞳,,,,
2312,鞨,,,,
2313,鞣,,,,
2314,顋,,,,
2315,瞼,,,,
2316,瞿,,,,
2317,矇,,,,
2318,瞻,,,,
2319,瞽,,,,
2320,癜,,,,
2321,餮,,,,
2322,餬,,,,
2323,殯,,,,
2324,藕,,,,
2325,藜,,,,
2326,覲,,,,
2327,贄,,,,
2328,贅,,,,
2329,邇,,,,
2330,邃,,,,
2331,穢,,,,
2332,穡,,,,
2333,觴,,,,
2334,羂,,,,
2335,羃,,,,
2336,翹,,,,
2337,竅,,,,
2338,竄,,,,
2339,騈,,,,
2340,鯎,,,,
2341,鯐,,,,
2342,鮸,,,,
2343,鵥,,,,
2344,鎺,,,,
2345,蟪,,,,
2346,蠆,,,,
2347,𫒼,,,,
2348,嚥,,,,
2349,嚮,,,,
2350,壜,,,,
2351,壟,,,,
2352,嬾,,,,
2353,廬,,,,
2354,懶,,,,
2355,攀,,,,
2356,黼,,,,
2357,鵲,,,,
2358,鶉,,,,
2359,鵺,,,,
2360,鶇,,,,
2361,鵯,,,,
2362,鯣,,,,
2363,鯢,,,,
2364,鯤,,,,
2365,鯲,,,,
2366,鯡,,,,
2367,鯔,,,,
2368,鯱,,,,
2369,鯰,,,,
2370,曠,,,,
2371,霪,,,,
2372,蠍,,,,
2373,蟾,,,,
2374,蟶,,,,
2375,蟷,,,,
2376,蠖,,,,
2377,櫟,,,,
2378,檻,,,,
2379,櫚,,,,
2380,蹶,,,,
2381,蹲,,,,
2382,蹼,,,,
2383,躇,,,,
2384,臘,,,,
2385,瀚,,,,
2386,瀛,,,,
2387,瀝,,,,
2388,瀟,,,,
2389,轎,,,,
2390,騙,,,,
2391,麕,,,,
2392,麑,,,,
2393,簷,,,,
2394,簽,,,,
2395,簫,,,,
2396,籀,,,,
2397,礙,,,,
2398,鏖,,,,
2399,鏘,,,,
2400,鏈,,,,
2401,鏤,,,,
2402,鏨,,,,
2403,鏃,,,,
2404,鏝,,,,
2405,鏐,,,,
2406,繹,,,,
2407,犢,,,,
2408,醯,,,,
2409,牘,,,,
2410,艤,,,,
2411,艢,,,,
2412,艨,,,,
2413,爍,,,,
2414,譌,,,,
2415,譚,,,,
2416,譏,,,,
2417,譎,,,,
2418,譛,,,,
2419,襞,,,,
2420,襦,,,,
2421,襪,,,,
2422,覈,,,,
2423,鞴,,,,
2424,獺,,,,
2425,羹,,,,
2426,羶,,,,
2427,羸,,,,
2428,隴,,,,
2429,饂,,,,
2430,餽,,,,
2431,餾,,,,
2432,殱,,,,
2433,韲,,,,
2434,靡,,,,
2435,蘊,,,,
2436,藾,,,,
2437,蘢,,,,
2438,藺,,,,
2439,藹,,,,
2440,蘋,,,,
2441,蘆,,,,
2442,疇,,,,
2443,疆,,,,
2444,贇,,,,
2445,羆,,,,
2446,龐,,,,
2447,鰙,,,,
2448,鶍,,,,
2449,鶎,,,,
2450,鶄,,,,
2451,蹻,,,,
2452,繳,,,,
2453,蠊,,,,
2454,儳,,,,
2455,嚬,,,,
2456,歠,,,,
2457,孼,,,,
2458,孽,,,,
2459,嚶,,,,
2460,孅,,,,
2461,孀,,,,
2462,巉,,,,
2463,懺,,,,
2464,懽,,,,
2465,攘,,,,
2466,黥,,,,
2467,齣,,,,
2468,齟,,,,
2469,齠,,,,
2470,鶚,,,,
2471,鶤,,,,
2472,鶫,,,,
2473,鶩,,,,
2474,鰓,,,,
2475,鰉,,,,
2476,鰔,,,,
2477,鰕,,,,
2478,鰌,,,,
2479,鰈,,,,
2480,鰆,,,,
2481,鰒,,,,
2482,鰊,,,,
2483,鰄,,,,
2484,鰛,,,,
2485,朧,,,,
2486,曦,,,,
2487,闡,,,,
2488,罌,,,,
2489,霰,,,,
2490,蠕,,,,
2491,蠑,,,,
2492,蘗,,,,
2493,櫨,,,,
2494,櫪,,,,
2495,蘖,,,,
2496,躅,,,,
2497,躄,,,,
2498,躁,,,,
2499,鹹,,,,
2500,臙,,,,
2501,臚,,,,
2502,韜,,,,
2503,飄,,,,
2504,瀾,,,,
2505,瀲,,,,
2506,瀰,,,,
2507,轗,,,,
2508,騫,,,,
2509,驀,,,,
2510,簪,,,,
2511,籌,,,,
2512,瓏,,,,
2513,礫,,,,
2514,礬,,,,
2515,鐚,,,,
2516,鏗,,,,
2517,鐔,,,,
2518,鐃,,,,
2519,鐐,,,,
2520,鐓,,,,
2521,繽,,,,
2522,纃,,,,
2523,辮,,,,
2524,繻,,,,
2525,醵,,,,
2526,醴,,,,
2527,瓣,,,,
2528,譫,,,,
2529,譬,,,,
2530,譟,,,,
2531,襭,,,,
2532,襤,,,,
2533,矍,,,,
2534,癢,,,,
2535,糯,,,,
2536,糲,,,,
2537,饉,,,,
2538,饅,,,,
2539,蘚,,,,
2540,贍,,,,
2541,贏,,,,
2542,蘯,,,,
2543,竇,,,,
2544,壥,,,,
2545,鶪,,,,
2546,櫱,,,,
2547,躃,,,,
2548,鼯,,,,
2549,騭,,,,
2550,鰚,,,,
2551,鰘,,,,
2552,韞,,,,
2553,衊,,,,
2554,霸,,,,
2555,飜,,,,
2556,儺,,,,
2557,儷,,,,
2558,囂,,,,
2559,嚼,,,,
2560,囁,,,,
2561,囃,,,,
2562,囀,,,,
2563,囈,,,,
2564,巍,,,,
2565,廱,,,,
2566,懾,,,,
2567,懼,,,,
2568,黯,,,,
2569,齦,,,,
2570,齧,,,,
2571,鶲,,,,
2572,鷁,,,,
2573,鶻,,,,
2574,鶺,,,,
2575,鷆,,,,
2576,鶸,,,,
2577,鷂,,,,
2578,鰮,,,,
2579,鰥,,,,
2580,鰤,,,,
2581,鰰,,,,
2582,曩,,,,
2583,齎,,,,
2584,魑,,,,
2585,闢,,,,
2586,闥,,,,
2587,罍,,,,
2588,霹,,,,
2589,蠢,,,,
2590,蠡,,,,
2591,欅,,,,
2592,櫺,,,,
2593,躋,,,,
2594,躊,,,,
2595,飆,,,,
2596,轜,,,,
2597,驂,,,,
2598,驃,,,,
2599,騾,,,,
2600,麝,,,,
2601,籃,,,,
2602,籔,,,,
2603,籐,,,,
2604,籖,,,,
2605,瓔,,,,
2606,鬘,,,,
2607,鐫,,,,
2608,鐶,,,,
2609,鐺,,,,
2610,纈,,,,
2611,纐,,,,
2612,纉,,,,
2613,髏,,,,
2614,醺,,,,
2615,艪,,,,
2616,爛,,,,
2617,譖,,,,
2618,譴,,,,
2619,襯,,,,
2620,癧,,,,
2621,癪,,,,
2622,癨,,,,
2623,癩,,,,
2624,饐,,,,
2625,饌,,,,
2626,饑,,,,
2627,饋,,,,
2628,饒,,,,
2629,殲,,,,
2630,贔,,,,
2631,贐,,,,
2632,籒,,,,
2633,鰧,,,,
2634,纊,,,,
2635,儼,,,,
2636,儻,,,,
2637,巓,,,,
2638,巒,,,,
2639,彎,,,,
2640,懿,,,,
2641,攤,,,,
2642,龕,,,,
2643,齬,,,,
2644,齪,,,,
2645,鷙,,,,
2646,鷓,,,,
2647,鱆,,,,
2648,鱇,,,,
2649,鰾,,,,
2650,罎,,,,
2651,霽,,,,
2652,霾,,,,
2653,蠧,,,,
2654,躓,,,,
2655,躑,,,,
2656,躔,,,,
2657,灑,,,,
2658,轢,,,,
2659,驕,,,,
2660,驍,,,,
2661,籟,,,,
2662,鬚,,,,
2663,艫,,,,
2664,襴,,,,
2665,襷,,,,
2666,顫,,,,
2667,癬,,,,
2668,糴,,,,
2669,饕,,,,
2670,蘿,,,,
2671,覿,,,,
2672,鬻,,,,
2673,贓,,,,
2674,贖,,,,
2675,羇,,,,
2676,禳,,,,
2677,攢,,,,
2678,鼴,,,,
2679,籡,,,,
2680,籙,,,,
2681,糱,,,,
2682,癭,,,,
2683,鑒,,,,
2684,攣,,,,
2685,攫,,,,
2686,黴,,,,
2687,黐,,,,
2688,鷸,,,,
2689,鷦,,,,
2690,鷯,,,,
2691,鷭,,,,
2692,鱚,,,,
2693,蠱,,,,
2694,欒,,,,
2695,躙,,,,
2696,靨,,,,
2697,轤,,,,
2698,籥,,,,
2699,籤,,,,
2700,鬟,,,,
2701,鑠,,,,
2702,鑢,,,,
2703,鑞,,,,
2704,鑚,,,,
2705,纔,,,,
2706,纓,,,,
2707,髑,,,,
2708,讌,,,,
2709,讐,,,,
2710,讎,,,,
2711,韈,,,,
2712,癰,,,,
2713,齏,,,,
2714,邏,,,,
2715,鼹,,,,
2716,驎,,,,
2717,鱛,,,,
2718,鱏,,,,
2719,鱓,,,,
2720,顬,,,,
2721,曬,,,,
2722,𬵪,,,,
2723,囓,,,,
2724,齷,,,,
2725,齲,,,,
2726,齶,,,,
2727,鷽,,,,
2728,鼇,,,,
2729,鱠,,,,
2730,鱧,,,,
2731,魘,,,,
2732,靂,,,,
2733,靆,,,,
2734,靄,,,,
2735,蠹,,,,
2736,驟,,,,
2737,鬢,,,,
2738,鑪,,,,
2739,纛,,,,
2740,讙,,,,
2741,讖,,,,
2742,讒,,,,
2743,軈,,,,
2744,韆,,,,
2745,顰,,,,
2746,癲,,,,
2747,衢,,,,
2748,羈,,,,
2749,屭,,,,
2750,鱟,,,,
2751,鱩,,,,
2752,鑵,,,,
2753,攬,,,,
2754,黌,,,,
2755,鼈,,,,
2756,靉,,,,
2757,躡,,,,
2758,臠,,,,
2759,籬,,,,
2760,鬣,,,,
2761,鑰,,,,
2762,釁,,,,
2763,顱,,,,
2764,糶,,,,
2765,纘,,,,
2766,黶,,,,
2767,鱶,,,,
2768,欖,,,,
2769,躪,,,,
2770,驥,,,,
2771,驢,,,,
2772,鑷,,,,
2773,鬮,,,,
2774,顴,,,,
2775,矚,,,,
2776,鱲,,,,
2777,黷,,,,
2778,鱸,,,,
2779,驤,,,,
2780,驩,,,,
2781,鑼,,,,
2782,鑾,,,,
2783,鑽,,,,
2784,顳,,,,
2785,鸛,,,,
2786,钁,,,,
2787,鑿,,,,
2788,纜,,,,
2789,癴,,,,
2790,驪,,,,
2791,爨,,,,
2792,鸞,,,,
2793,麤,,,,
2794,內,,,,
2795,册,,,,
2796,收,,,,
2797,羽,,,,
2798,佛,,,,
2799,壯,,,,
2800,沒,,,,
2801,步,,,,
2802,每,,,,
2803,免,,,,
2804,來,,,,
2805,亞,,,,
2806,兒,,,,
2807,兩,,,,
2808,拔,,,,
2809,舍,,,,
2810,卷,,,,
2811,屆,,,,
2812,拂,,,,
2813,爭,,,,
2814,卑,,,,
2815,社,,,,
2816,狀,,,,
2817,靑,,,,
2818,戾,,,,
2819,尙,,,,
2820,拜,,,,
2821,恆,,,,
2822,侮,,,,
2823,勉,,,,
2824,祈,,,,
2825,祉,,,,
2826,突,,,,
2827,者,,,,
2828,卽,,,,
2829,氣,,,,
2830,乘,,,,
2831,徑,,,,
2832,缺,,,,
2833,莖,,,,
2834,莊,,,,
2835,祕,,,,
2836,竝,,,,
2837,峽,,,,
2838,眞,,,,
2839,挾,,,,
2840,效,,,,
2841,晉,,,,
2842,狹,,,,
2843,神,,,,
2844,悔,,,,
2845,海,,,,
2846,祐,,,,
2847,祖,,,,
2848,祝,,,,
2849,臭,,,,
2850,郞,,,,
2851,涉,,,,
2852,益,,,,
2853,悅,,,,
2854,倂,,,,
2855,假,,,,
2856,區,,,,
2857,圈,,,,
2858,國,,,,
2859,參,,,,
2860,淨,,,,
2861,淺,,,,
2862,麥,,,,
2863,處,,,,
2864,條,,,,
2865,將,,,,
2866,專,,,,
2867,帶,,,,
2868,從,,,,
2869,敕,,,,
2870,敍,,,,
2871,晝,,,,
2872,陷,,,,
2873,朗,,,,
2874,祥,,,,
2875,敏,,,,
2876,梅,,,,
2877,巢,,,,
2878,晚,,,,
2879,淚,,,,
2880,硏,,,,
2881,敎,,,,
2882,殺,,,,
2883,連,,,,
2884,曾,,,,
2885,勞,,,,
2886,發,,,,
2887,單,,,,
2888,堯,,,,
2889,惠,,,,
2890,圍,,,,
2891,壹,,,,
2892,萬,,,,
2893,貳,,,,
2894,殘,,,,
2895,絲,,,,
2896,惡,,,,
2897,盜,,,,
2898,剩,,,,
2899,惱,,,,
2900,棧,,,,
2901,壻,,,,
2902,搜,,,,
2903,插,,,,
2904,殼,,,,
2905,爲,,,,
2906,畫,,,,
2907,猪,,,,
2908,都,,,,
2909,渚,,,,
2910,琢,,,,
2911,著,,,,
2912,視,,,,
2913,逸,,,,
2914,黑,,,,
2915,揭,,,,
2916,渴,,,,
2917,虛,,,,
2918,黃,,,,
2919,隆,,,,
2920,晴,,,,
2921,喝,,,,
2922,碎,,,,
2923,亂,,,,
2924,會,,,,
2925,圓,,,,
2926,奧,,,,
2927,傳,,,,
2928,當,,,,
2929,經,,,,
2930,祿,,,,
2931,飮,,,,
2932,愼,,,,
2933,搖,,,,
2934,溪,,,,
2935,肅,,,,
2936,腦,,,,
2937,與,,,,
2938,號,,,,
2939,裝,,,,
2940,虜,,,,
2941,廊,,,,
2942,勤,,,,
2943,暑,,,,
2944,煮,,,,
2945,碑,,,,
2946,溫,,,,
2947,鄕,,,,
2948,甁,,,,
2949,塚,,,,
2950,靖,,,,
2951,飯,,,,
2952,廉,,,,
2953,槇,,,,
2954,瑤,,,,
2955,榮,,,,
2956,實,,,,
2957,奬,,,,
2958,遙,,,,
2959,僞,,,,
2960,齊,,,,
2961,粹,,,,
2962,慘,,,,
2963,圖,,,,
2964,盡,,,,
2965,輕,,,,
2966,遞,,,,
2967,寢,,,,
2968,稱,,,,
2969,團,,,,
2970,壽,,,,
2971,對,,,,
2972,滿,,,,
2973,滯,,,,
2974,臺,,,,
2975,福,,,,
2976,僧,,,,
2977,嘆,,,,
2978,漢,,,,
2979,禍,,,,
2980,禎,,,,
2981,署,,,,
2982,賓,,,,
2983,寬,,,,
2984,綠,,,,
2985,褐,,,,
2986,精,,,,
2987,飼,,,,
2988,塀,,,,
2989,蓮,,,,
2990,齒,,,,
2991,樂,,,,
2992,墮,,,,
2993,劍,,,,
2994,澁,,,,
2995,價,,,,
2996,儉,,,,
2997,彈,,,,
2998,樞,,,,
2999,樣,,,,
3000,樓,,,,
3001,舖,,,,
3002,踐,,,,
3003,寫,,,,
3004,稻,,,,
3005,廣,,,,
3006,廢,,,,
3007,數,,,,
3008,歐,,,,
3009,毆,,,,
3010,賣,,,,
3011,醉,,,,
3012,髮,,,,
3013,墨,,,,
3014,層,,,,
3015,憎,,,,
3016,穀,,,,
3017,節,,,,
3018,練,,,,
3019,增,,,,
3020,德,,,,
3021,緖,,,,
3022,徵,,,,
3023,瘦,,,,
3024,緣,,,,
3025,龜,,,,
3026,燈,,,,
3027,龍,,,,
3028,螢,,,,
3029,曉,,,,
3030,學,,,,
3031,豫,,,,
3032,澤,,,,
3033,餘,,,,
3034,勳,,,,
3035,勵,,,,
3036,據,,,,
3037,擇,,,,
3038,縣,,,,
3039,擔,,,,
3040,錢,,,,
3041,遲,,,,
3042,劑,,,,
3043,辨,,,,
3044,戰,,,,
3045,燒,,,,
3046,默,,,,
3047,獨,,,,
3048,衞,,,,
3049,隨,,,,
3050,鄰,,,,
3051,險,,,,
3052,靜,,,,
3053,諸,,,,
3054,器,,,,
3055,謁,,,,
3056,橫,,,,
3057,賴,,,,
3058,曆,,,,
3059,歷,,,,
3060,錄,,,,
3061,頻,,,,
3062,嶽,,,,
3063,濱,,,,
3064,應,,,,
3065,餠,,,,
3066,點,,,,
3067,濕,,,,
3068,總,,,,
3069,縱,,,,
3070,彌,,,,
3071,濟,,,,
3072,齋,,,,
3073,禪,,,,
3074,營,,,,
3075,穗,,,,
3076,壓,,,,
3077,戲,,,,
3078,擧,,,,
3079,檢,,,,
3080,潛,,,,
3081,聲,,,,
3082,聰,,,,
3083,膽,,,,
3084,舊,,,,
3085,襃,,,,
3086,謠,,,,
3087,隱,,,,
3088,隸,,,,
3089,繁,,,,
3090,薰,,,,
3091,擊,,,,
3092,鍊,,,,
3093,館,,,,
3094,雜,,,,
3095,蟲,,,,
3096,醫,,,,
3097,顏,,,,
3098,藝,,,,
3099,藥,,,,
3100,獵,,,,
3101,擴,,,,
3102,藏,,,,
3103,鎭,,,,
3104,禮,,,,
3105,轉,,,,
3106,雙,,,,
3107,壘,,,,
3108,斷,,,,
3109,歸,,,,
3110,豐,,,,
3111,謹,,,,
3112,證,,,,
3113,邊,,,,
3114,勸,,,,
3115,獸,,,,
3116,關,,,,
3117,瀧,,,,
3118,懷,,,,
3119,繪,,,,
3120,繩,,,,
3121,壞,,,,
3122,癡,,,,
3123,穩,,,,
3124,贊,,,,
3125,辭,,,,
3126,類,,,,
3127,懲,,,,
3128,贈,,,,
3129,難,,,,
3130,瀨,,,,
3131,譯,,,,
3132,壤,,,,
3133,齡,,,,
3134,繼,,,,
3135,黨,,,,
3136,獻,,,,
3137,覺,,,,
3138,寶,,,,
3139,鬪,,,,
3140,嚴,,,,
3141,孃,,,,
3142,爐,,,,
3143,犧,,,,
3144,觸,,,,
3145,譽,,,,
3146,釋,,,,
3147,騷,,,,
3148,麵,,,,
3149,蘭,,,,
3150,鷄,,,,
3151,鐵,,,,
3152,櫻,,,,
3153,權,,,,
3154,續,,,,
3155,屬,,,,
3156,攝,,,,
3157,歡,,,,
3158,辯,,,,
3159,驅,,,,
3160,欄,,,,
3161,鑄,,,,
3162,聽,,,,
3163,疊,,,,
3164,竊,,,,
3165,穰,,,,
3166,臟,,,,
3167,覽,,,,
3168,讀,,,,
3169,響,,,,
3170,巖,,,,
3171,鑛,,,,
3172,髓,,,,
3173,顯,,,,
3174,戀,,,,
3175,罐,,,,
3176,纖,,,,
3177,變,,,,
3178,驛,,,,
3179,驗,,,,
3180,體,,,,
3181,釀,,,,
3182,囑,,,,
3183,艷,,,,
3184,觀,,,,
3185,讓,,,,
3186,靈,,,,
3187,蠻,,,,
3188,灣,,,,
3189,鹽,,,,
3190,廳,,,,
3191,蠶,,,,
3192,乃,,,,
3193,卜,,,,
3194,叉,,,,
3195,之,,,,
3196,巳,,,,
3197,勺,,,,
3198,也,,,,
3199,允,,,,
3200,云,,,,
3201,仇,,,,
3202,什,,,,
3203,廿,,,,
3204,壬,,,,
3205,丑,,,,
3206,巴,,,,
3207,勿,,,,
3208,匁,,,,
3209,尤,,,,
3210,帀,,,,
3211,禾,,,,
3212,叶,,,,
3213,弘,,,,
3214,乎,,,,
3215,叩,,,,
3216,乍,,,,
3217,仔,,,,
3218,只,,,,
3219,疋,,,,
3220,匝,,,,
3221,凧,,,,
3222,汀,,,,
3223,弗,,,,
3224,戊,,,,
3225,卯,,,,
3226,伊,,,,
3227,夷,,,,
3228,曳,,,,
3229,亦,,,,
3230,瓜,,,,
3231,亥,,,,
3232,吃,,,,
3233,兇,,,,
3234,匡,,,,
3235,旭,,,,
3236,圭,,,,
3237,伍,,,,
3238,亙,,,,
3239,亘,,,,
3240,艮,,,,
3241,弛,,,,
3242,此,,,,
3243,而,,,,
3244,戎,,,,
3245,夙,,,,
3246,汝,,,,
3247,丞,,,,
3248,庄,,,,
3249,吋,,,,
3250,汐,,,,
3251,尖,,,,
3252,舛,,,,
3253,托,,,,
3254,吊,,,,
3255,辻,,,,
3256,凪,,,,
3257,牝,,,,
3258,牟,,,,
3259,肋,,,,
3260,杏,,,,
3261,佑,,,,
3262,迂,,,,
3263,邑,,,,
3264,伽,,,,
3265,芥,,,,
3266,苅,,,,
3267,妓,,,,
3268,迄,,,,
3269,汲,,,,
3270,灸,,,,
3271,玖,,,,
3272,亨,,,,
3273,劫,,,,
3274,芹,,,,
3275,冴,,,,
3276,吾,,,,
3277,宏,,,,
3278,坐,,,,
3279,孜,,,,
3280,宍,,,,
3281,杓,,,,
3282,灼,,,,
3283,杖,,,,
3284,辰,,,,
3285,杜,,,,
3286,宋,,,,
3287,呆,,,,
3288,佃,,,,
3289,辿,,,,
3290,兎,,,,
3291,禿,,,,
3292,呑,,,,
3293,沌,,,,
3294,芭,,,,
3295,吠,,,,
3296,扮,,,,
3297,庇,,,,
3298,甫,,,,
3299,芙,,,,
3300,吻,,,,
3301,牡,,,,
3302,杢,,,,
3303,酉,,,,
3304,李,,,,
3305,伶,,,,
3306,牢,,,,
3307,吞,,,,
3308,阿,,,,
3309,苑,,,,
3310,奄,,,,
3311,於,,,,
3312,卦,,,,
3313,茄,,,,
3314,侃,,,,
3315,函,,,,
3316,其,,,,
3317,祁,,,,
3318,侠,,,,
3319,怯,,,,
3320,尭,,,,
3321,欣,,,,
3322,狗,,,,
3323,姑,,,,
3324,佼,,,,
3325,庚,,,,
3326,昂,,,,
3327,杭,,,,
3328,肴,,,,
3329,肱,,,,
3330,忽,,,,
3331,坤,,,,
3332,昏,,,,
3333,些,,,,
3334,竺,,,,
3335,姐,,,,
3336,杵,,,,
3337,妾,,,,
3338,昌,,,,
3339,帖,,,,
3340,苫,,,,
3341,苒,,,,
3342,岨,,,,
3343,陀,,,,
3344,岱,,,,
3345,苔,,,,
3346,坦,,,,
3347,苧,,,,
3348,兔,,,,
3349,宕,,,,
3350,沓,,,,
3351,杷,,,,
3352,狛,,,,
3353,枇,,,,
3354,斧,,,,
3355,庖,,,,
3356,朋,,,,
3357,孟,,,,
3358,茅,,,,
3359,沫,,,,
3360,苓,,,,
3361,怜,,,,
3362,或,,,,
3363,咒,,,,
3364,娃,,,,
3365,按,,,,
3366,郁,,,,
3367,胤,,,,
3368,胡,,,,
3369,廻,,,,
3370,洩,,,,
3371,盈,,,,
3372,姶,,,,
3373,珂,,,,
3374,迦,,,,
3375,俄,,,,
3376,臥,,,,
3377,咳,,,,
3378,恢,,,,
3379,恰,,,,
3380,凾,,,,
3381,姦,,,,
3382,柑,,,,
3383,竿,,,,
3384,祇,,,,
3385,韭,,,,
3386,粁,,,,
3387,衿,,,,
3388,垢,,,,
3389,粂,,,,
3390,荊,,,,
3391,頁,,,,
3392,彦,,,,
3393,狐,,,,
3394,巷,,,,
3395,哉,,,,
3396,珊,,,,
3397,屍,,,,
3398,柘,,,,
3399,柊,,,,
3400,洲,,,,
3401,酋,,,,
3402,茸,,,,
3403,矧,,,,
3404,荏,,,,
3405,穿,,,,
3406,茜,,,,
3407,柁,,,,
3408,殆,,,,
3409,廼,,,,
3410,栂,,,,
3411,剃,,,,
3412,祢,,,,
3413,姪,,,,
3414,盃,,,,
3415,柏,,,,
3416,叛,,,,
3417,毘,,,,
3418,姥,,,,
3419,虻,,,,
3420,柾,,,,
3421,俣,,,,
3422,籾,,,,
3423,耶,,,,
3424,柚,,,,
3425,宥,,,,
3426,祐,,,,
3427,洛,,,,
3428,亮,,,,
3429,玲,,,,
3430,歪,,,,
3431,俠,,,,
3432,荆,,,,
3433,毗,,,,
3434,唖,,,,
3435,倭,,,,
3436,烏,,,,
3437,峨,,,,
3438,桧,,,,
3439,桓,,,,
3440,莞,,,,
3441,桔,,,,
3442,笈,,,,
3443,倶,,,,
3444,矩,,,,
3445,桂,,,,
3446,珪,,,,
3447,倦,,,,
3448,倖,,,,
3449,晃,,,,
3450,浩,,,,
3451,皋,,,,
3452,砿,,,,
3453,紘,,,,
3454,紗,,,,
3455,晒,,,,
3456,柴,,,,
3457,栖,,,,
3458,朔,,,,
3459,窄,,,,
3460,砥,,,,
3461,紐,,,,
3462,峻,,,,
3463,隼,,,,
3464,恕,,,,
3465,哨,,,,
3466,秤,,,,
3467,晋,,,,
3468,疹,,,,
3469,秦,,,,
3470,訊,,,,
3471,翆,,,,
3472,脆,,,,
3473,屑,,,,
3474,栴,,,,
3475,閃,,,,
3476,蚤,,,,
3477,悌,,,,
3478,迺,,,,
3479,啄,,,,
3480,耽,,,,
3481,凋,,,,
3482,挺,,,,
3483,釘,,,,
3484,砧,,,,
3485,荻,,,,
3486,莵,,,,
3487,套,,,,
3488,桐,,,,
3489,涛,,,,
3490,涜,,,,
3491,狽,,,,
3492,莫,,,,
3493,畠,,,,
3494,捌,,,,
3495,挽,,,,
3496,匪,,,,
3497,豹,,,,
3498,娩,,,,
3499,圃,,,,
3500,峯,,,,
3501,粍,,,,
3502,涌,,,,
3503,莱,,,,
3504,哩,,,,
3505,栗,,,,
3506,浬,,,,
3507,狸,,,,
3508,凌,,,,
3509,砺,,,,
3510,狼,,,,
3511,峩,,,,
3512,俱,,,,
3513,盌,,,,
3514,庵,,,,
3515,惟,,,,
3516,寅,,,,
3517,掩,,,,
3518,焔,,,,
3519,凰,,,,
3520,晦,,,,
3521,掴,,,,
3522,菅,,,,
3523,掬,,,,
3524,躯,,,,
3525,袈,,,,
3526,畦,,,,
3527,訣,,,,
3528,捲,,,,
3529,牽,,,,
3530,絃,,,,
3531,壷,,,,
3532,袴,,,,
3533,梧,,,,
3534,皐,,,,
3535,袷,,,,
3536,釦,,,,
3537,惚,,,,
3538,梱,,,,
3539,砦,,,,
3540,笹,,,,
3541,偲,,,,
3542,匙,,,,
3543,梓,,,,
3544,笥,,,,
3545,痔,,,,
3546,悉,,,,
3547,這,,,,
3548,雀,,,,
3549,惇,,,,
3550,淳,,,,
3551,渚,,,,
3552,娼,,,,
3553,捷,,,,
3554,梢,,,,
3555,菖,,,,
3556,埴,,,,
3557,逗,,,,
3558,釧,,,,
3559,掻,,,,
3560,舵,,,,
3561,雫,,,,
3562,梯,,,,
3563,琢,,,,
3564,捺,,,,
3565,蛋,,,,
3566,紬,,,,
3567,猪,,,,
3568,淀,,,,
3569,甜,,,,
3570,兜,,,,
3571,桶,,,,
3572,梼,,,,
3573,淘,,,,
3574,祷,,,,
3575,萄,,,,
3576,粕,,,,
3577,梶,,,,
3578,畢,,,,
3579,彪,,,,
3580,彬,,,,
3581,埠,,,,
3582,菩,,,,
3583,捧,,,,
3584,烹,,,,
3585,萌,,,,
3586,萠,,,,
3587,逢,,,,
3588,椛,,,,
3589,掠,,,,
3590,琉,,,,
3591,笠,,,,
3592,梁,,,,
3593,菱,,,,
3594,淋,,,,
3595,婁,,,,
3596,蛎,,,,
3597,埜,,,,
3598,崕,,,,
3599,渕,,,,
3600,萊,,,,
3601,啞,,,,
3602,偓,,,,
3603,啐,,,,
3604,蛙,,,,
3605,渥,,,,
3606,粥,,,,
3607,瑛,,,,
3608,堰,,,,
3609,淵,,,,
3610,凱,,,,
3611,堺,,,,
3612,筈,,,,
3613,萱,,,,
3614,雁,,,,
3615,稀,,,,
3616,葵,,,,
3617,韮,,,,
3618,渠,,,,
3619,卿,,,,
3620,喬,,,,
3621,欽,,,,
3622,鈎,,,,
3623,寓,,,,
3624,腔,,,,
3625,喰,,,,
3626,戟,,,,
3627,喧,,,,
3628,硯,,,,
3629,絢,,,,
3630,壺,,,,
3631,菰,,,,
3632,蛤,,,,
3633,犀,,,,
3634,斯,,,,
3635,覗,,,,
3636,蛭,,,,
3637,惹,,,,
3638,蛛,,,,
3639,揖,,,,
3640,萩,,,,
3641,葺,,,,
3642,竣,,,,
3643,閏,,,,
3644,疏,,,,
3645,黍,,,,
3646,湘,,,,
3647,甥,,,,
3648,粟,,,,
3649,靱,,,,
3650,靭,,,,
3651,厨,,,,
3652,椙,,,,
3653,棲,,,,
3654,貰,,,,
3655,揃,,,,
3656,惣,,,,
3657,湊,,,,
3658,葱,,,,
3659,巽,,,,
3660,詑,,,,
3661,湛,,,,
3662,智,,,,
3663,筑,,,,
3664,註,,,,
3665,喋,,,,
3666,脹,,,,
3667,堵,,,,
3668,菟,,,,
3669,董,,,,
3670,敦,,,,
3671,琶,,,,
3672,牌,,,,
3673,硲,,,,
3674,溌,,,,
3675,筏,,,,
3676,斐,,,,
3677,琵,,,,
3678,弼,,,,
3679,斌,,,,
3680,葡,,,,
3681,焚,,,,
3682,棉,,,,
3683,悶,,,,
3684,遥,,,,
3685,裡,,,,
3686,葎,,,,
3687,椋,,,,
3688,琳,,,,
3689,屡,,,,
3690,禄,,,,
3691,隈,,,,
3692,椀,,,,
3693,葢,,,,
3694,焰,,,,
3695,葦,,,,
3696,溢,,,,
3697,嘩,,,,
3698,蛾,,,,
3699,碍,,,,
3700,塙,,,,
3701,鳩,,,,
3702,禽,,,,
3703,鉤,,,,
3704,馴,,,,
3705,罫,,,,
3706,瑚,,,,
3707,跨,,,,
3708,鈷,,,,
3709,幌,,,,
3710,嵯,,,,
3711,嵳,,,,
3712,蓑,,,,
3713,裟,,,,
3714,蒜,,,,
3715,獅,,,,
3716,蒔,,,,
3717,馳,,,,
3718,嵩,,,,
3719,楢,,,,
3720,蒐,,,,
3721,舜,,,,
3722,遁,,,,
3723,楯,,,,
3724,鼠,,,,
3725,蒋,,,,
3726,蛸,,,,
3727,鉦,,,,
3728,牒,,,,
3729,稔,,,,
3730,瑞,,,,
3731,靖,,,,
3732,賎,,,,
3733,楚,,,,
3734,蒼,,,,
3735,詫,,,,
3736,楕,,,,
3737,碓,,,,
3738,椴,,,,
3739,椿,,,,
3740,碇,,,,
3741,禎,,,,
3742,鼎,,,,
3743,畷,,,,
3744,塘,,,,
3745,楠,,,,
3746,稗,,,,
3747,楳,,,,
3748,煤,,,,
3749,摸,,,,
3750,逼,,,,
3751,蒲,,,,
3752,楓,,,,
3753,蒙,,,,
3754,爺,,,,
3755,愈,,,,
3756,猷,,,,
3757,傭,,,,
3758,楊,,,,
3759,蓉,,,,
3760,溜,,,,
3761,稜,,,,
3762,煉,,,,
3763,蓮,,,,
3764,碗,,,,
3765,溯,,,,
3766,搔,,,,
3767,蜎,,,,
3768,窪,,,,
3769,斡,,,,
3770,蔚,,,,
3771,飴,,,,
3772,蔭,,,,
3773,厭,,,,
3774,鳶,,,,
3775,嘉,,,,
3776,榎,,,,
3777,樺,,,,
3778,魁,,,,
3779,劃,,,,
3780,廓,,,,
3781,赫,,,,
3782,潅,,,,
3783,箕,,,,
3784,厩,,,,
3785,廐,,,,
3786,廏,,,,
3787,嘘,,,,
3788,僑,,,,
3789,頚,,,,
3790,膏,,,,
3791,閤,,,,
3792,瑳,,,,
3793,榊,,,,
3794,爾,,,,
3795,竪,,,,
3796,綬,,,,
3797,嘗,,,,
3798,厰,,,,
3799,摺,,,,
3800,裳,,,,
3801,榛,,,,
3802,槙,,,,
3803,賑,,,,
3804,塵,,,,
3805,翠,,,,
3806,碩,,,,
3807,煽,,,,
3808,銑,,,,
3809,槍,,,,
3810,漕,,,,
3811,綜,,,,
3812,聡,,,,
3813,腿,,,,
3814,蜘,,,,
3815,暢,,,,
3816,肇,,,,
3817,蔦,,,,
3818,銚,,,,
3819,槌,,,,
3820,綴,,,,
3821,嶋,,,,
3822,頗,,,,
3823,箔,,,,
3824,駁,,,,
3825,蔓,,,,
3826,緋,,,,
3827,輔,,,,
3828,蔀,,,,
3829,鳳,,,,
3830,箆,,,,
3831,碧,,,,
3832,蓬,,,,
3833,鞄,,,,
3834,鉾,,,,
3835,熔,,,,
3836,綾,,,,
3837,漣,,,,
3838,蝋,,,,
3839,漉,,,,
3840,摑,,,,
3841,蔣,,,,
3842,屢,,,,
3843,鞍,,,,
3844,慧,,,,
3845,鴎,,,,
3846,蝦,,,,
3847,駕,,,,
3848,漑,,,,
3849,撹,,,,
3850,澗,,,,
3851,諌,,,,
3852,翫,,,,
3853,鴈,,,,
3854,嬉,,,,
3855,槻,,,,
3856,毅,,,,
3857,誼,,,,
3858,麹,,,,
3859,蕎,,,,
3860,駈,,,,
3861,蕨,,,,
3862,糊,,,,
3863,噛,,,,
3864,撒,,,,
3865,撰,,,,
3866,撞,,,,
3867,諏,,,,
3868,醇,,,,
3869,鋤,,,,
3870,廠,,,,
3871,樟,,,,
3872,蕉,,,,
3873,鄭,,,,
3874,蝕,,,,
3875,廚,,,,
3876,蕊,,,,
3877,蕋,,,,
3878,箭,,,,
3879,蝉,,,,
3880,賤,,,,
3881,糎,,,,
3882,噌,,,,
3883,噂,,,,
3884,歎,,,,
3885,箪,,,,
3886,樗,,,,
3887,潴,,,,
3888,蝶,,,,
3889,撚,,,,
3890,樋,,,,
3891,蕩,,,,
3892,播,,,,
3893,幡,,,,
3894,磐,,,,
3895,蕃,,,,
3896,誹,,,,
3897,廟,,,,
3898,鋲,,,,
3899,撫,,,,
3900,蕪,,,,
3901,僻,,,,
3902,篇,,,,
3903,緬,,,,
3904,鋪,,,,
3905,鋒,,,,
3906,鴇,,,,
3907,蝿,,,,
3908,慾,,,,
3909,劉,,,,
3910,諒,,,,
3911,遼,,,,
3912,聨,,,,
3913,魯,,,,
3914,麪,,,,
3915,噓,,,,
3916,潑,,,,
3917,㵎,,,,
3918,蝱,,,,
3919,謂,,,,
3920,叡,,,,
3921,穎,,,,
3922,燕,,,,
3923,薗,,,,
3924,鴛,,,,
3925,鴨,,,,
3926,鴦,,,,
3927,鴬,,,,
3928,樫,,,,
3929,翰,,,,
3930,舘,,,,
3931,諫,,,,
3932,窺,,,,
3933,橘,,,,
3934,鋸,,,,
3935,彊,,,,
3936,頸,,,,
3937,諺,,,,
3938,醐,,,,
3939,縞,,,,
3940,餐,,,,
3941,錫,,,,
3942,髭,,,,
3943,鴫,,,,
3944,豎,,,,
3945,穐,,,,
3946,輯,,,,
3947,樵,,,,
3948,橡,,,,
3949,錆,,,,
3950,鞘,,,,
3951,儘,,,,
3952,錘,,,,
3953,錐,,,,
3954,薮,,,,
3955,樽,,,,
3956,橢,,,,
3957,黛,,,,
3958,醍,,,,
3959,薙,,,,
3960,諜,,,,
3961,蹄,,,,
3962,澱,,,,
3963,鮎,,,,
3964,噸,,,,
3965,醗,,,,
3966,噺,,,,
3967,錨,,,,
3968,鮒,,,,
3969,篦,,,,
3970,穆,,,,
3971,憐,,,,
3972,蕗,,,,
3973,篭,,,,
3974,頴,,,,
3975,鮪,,,,
3976,嬰,,,,
3977,霞,,,,
3978,檜,,,,
3979,鮭,,,,
3980,鍔,,,,
3981,癌,,,,
3982,徽,,,,
3983,磯,,,,
3984,鞠,,,,
3985,禦,,,,
3986,橿,,,,
3987,檎,,,,
3988,繋,,,,
3989,糠,,,,
3990,藁,,,,
3991,鮫,,,,
3992,鴻,,,,
3993,壕,,,,
3994,濠,,,,
3995,薩,,,,
3996,燦,,,,
3997,趨,,,,
3998,嬬,,,,
3999,濡,,,,
4000,繍,,,,
4001,鍬,,,,
4002,駿,,,,
4003,曙,,,,
4004,薯,,,,
4005,篠,,,,
4006,醤,,,,
4007,鍾,,,,
4008,燭,,,,
4009,甑,,,,
4010,竃,,,,
4011,糟,,,,
4012,擢,,,,
4013,檀,,,,
4014,鍍,,,,
4015,濤,,,,
4016,膿,,,,
4017,瓢,,,,
4018,糞,,,,
4019,瞥,,,,
4020,輿,,,,
4021,螺,,,,
4022,嶺,,,,
4023,燐,,,,
4024,聯,,,,
4025,襖,,,,
4026,鎧,,,,
4027,鵠,,,,
4028,蹟,,,,
4029,鎗,,,,
4030,擾,,,,
4031,穣,,,,
4032,雛,,,,
4033,叢,,,,
4034,藪,,,,
4035,鎚,,,,
4036,儲,,,,
4037,鵜,,,,
4038,檮,,,,
4039,嚢,,,,
4040,謬,,,,
4041,鞭,,,,
4042,麿,,,,
4043,鎔,,,,
4044,鯉,,,,
4045,簞,,,,
4046,蟬,,,,
4047,醬,,,,
4048,軀,,,,
4049,嚙,,,,
4050,瀆,,,,
4051,蟹,,,,
4052,贋,,,,
4053,麒,,,,
4054,蟻,,,,
4055,鹸,,,,
4056,櫛,,,,
4057,藷,,,,
4058,鯖,,,,
4059,瀞,,,,
4060,蘇,,,,
4061,蘂,,,,
4062,鯵,,,,
4063,騨,,,,
4064,瀦,,,,
4065,寵,,,,
4066,鯛,,,,
4067,禰,,,,
4068,鏑,,,,
4069,轍,,,,
4070,顛,,,,
4071,簸,,,,
4072,曝,,,,
4073,瀕,,,,
4074,鵡,,,,
4075,鵬,,,,
4076,蠅,,,,
4077,蘭,,,,
4078,礪,,,,
4079,簾,,,,
4080,櫓,,,,
4081,蠏,,,,
4082,禱,,,,
4083,繡,,,,
4084,繫,,,,
4085,顚,,,,
4086,麴,,,,
4087,醱,,,,
4088,簾,,,,
4089,鰐,,,,
4090,灌,,,,
4091,巌,,,,
4092,馨,,,,
4093,纂,,,,
4094,鰍,,,,
4095,鐙,,,,
4096,耀,,,,
4097,蠣,,,,
4098,礦,,,,
4099,鰯,,,,
4100,鶯,,,,
4101,鰭,,,,
4102,轟,,,,
4103,龝,,,,
4104,竈,,,,
4105,鐸,,,,
4106,纏,,,,
4107,蠟,,,,
4108,饗,,,,
4109,讃,,,,
4110,鱈,,,,
4111,鰺,,,,
4112,韃,,,,
4113,灘,,,,
4114,纒,,,,
4115,鰻,,,,
4116,轡,,,,
4117,鑓,,,,
4118,聾,,,,
4119,鷗,,,,
4120,驒,,,,
4121,囊,,,,
4122,攪,,,,
4123,鰹,,,,
4124,鷲,,,,
4125,鱒,,,,
4126,鷹,,,,
4127,鱗,,,,
4128,麟,,,,
4129,鷺,,,,
4130,鹼,,,,
4131,讚,,,,
4132,鸚,,,,
4133,巾,,,,
4134,乞,,,,
4135,牙,,,,
4136,勾,,,,
4137,爪,,,,
4138,匂,,,,
4139,瓦,,,,
4140,叱,,,,
4141,尻,,,,
4142,旦,,,,
4143,丼,,,,
4144,氾,,,,
4145,𠮟,,,,
4146,伎,,,,
4147,臼,,,,
4148,汎,,,,
4149,串,,,,
4150,沙,,,,
4151,芯,,,,
4152,汰,,,,
4153,那,,,,
4154,肘,,,,
4155,冶,,,,
4156,妖,,,,
4157,沃,,,,
4158,呂,,,,
4159,弄,,,,
4160,宛,,,,
4161,旺,,,,
4162,苛,,,,
4163,玩,,,,
4164,股,,,,
4165,虎,,,,
4166,采,,,,
4167,刹,,,,
4168,呪,,,,
4169,狙,,,,
4170,妬,,,,
4171,枕,,,,
4172,弥,,,,
4173,拉,,,,
4174,畏,,,,
4175,咽,,,,
4176,怨,,,,
4177,柿,,,,
4178,柵,,,,
4179,拶,,,,
4180,拭,,,,
4181,虹,,,,
4182,眉,,,,
4183,訃,,,,
4184,勃,,,,
4185,昧,,,,
4186,侶,,,,
4187,挨,,,,
4188,唄,,,,
4189,俺,,,,
4190,釜,,,,
4191,桁,,,,
4192,拳,,,,
4193,挫,,,,
4194,恣,,,,
4195,袖,,,,
4196,凄,,,,
4197,脊,,,,
4198,捉,,,,
4199,酎,,,,
4200,捗,,,,
4201,剥,,,,
4202,哺,,,,
4203,冥,,,,
4204,脇,,,,
4205,剝,,,,
4206,萎,,,,
4207,淫,,,,
4208,崖,,,,
4209,亀,,,,
4210,惧,,,,
4211,舷,,,,
4212,梗,,,,
4213,頃,,,,
4214,痕,,,,
4215,斬,,,,
4216,羞,,,,
4217,戚,,,,
4218,曽,,,,
4219,爽,,,,
4220,唾,,,,
4221,堆,,,,
4222,貪,,,,
4223,捻,,,,
4224,嵐,,,,
4225,椅,,,,
4226,葛,,,,
4227,喉,,,,
4228,須,,,,
4229,痩,,,,
4230,貼,,,,
4231,椎,,,,
4232,斑,,,,
4233,喩,,,,
4234,湧,,,,
4235,彙,,,,
4236,楷,,,,
4237,蓋,,,,
4238,毀,,,,
4239,嗅,,,,
4240,僅,,,,
4241,窟,,,,
4242,詣,,,,
4243,隙,,,,
4244,傲,,,,
4245,塞,,,,
4246,嫉,,,,
4247,腫,,,,
4248,腎,,,,
4249,裾,,,,
4250,煎,,,,
4251,羨,,,,
4252,腺,,,,
4253,詮,,,,
4254,溺,,,,
4255,填,,,,
4256,頓,,,,
4257,蜂,,,,
4258,睦,,,,
4259,慄,,,,
4260,賂,,,,
4261,塡,,,,
4262,箋,,,,
4263,遡,,,,
4264,遜,,,,
4265,綻,,,,
4266,蔑,,,,
4267,貌,,,,
4268,蜜,,,,
4269,瘍,,,,
4270,辣,,,,
4271,璃,,,,
4272,瑠,,,,
4273,潰,,,,
4274,畿,,,,
4275,憬,,,,
4276,稽,,,,
4277,駒,,,,
4278,摯,,,,
4279,餌,,,,
4280,憧,,,,
4281,踪,,,,
4282,誰,,,,
4283,嘲,,,,
4284,罵,,,,
4285,箸,,,,
4286,膝,,,,
4287,蔽,,,,
4288,餅,,,,
4289,頬,,,,
4290,諧,,,,
4291,骸,,,,
4292,錦,,,,
4293,錮,,,,
4294,醒,,,,
4295,膳,,,,
4296,緻,,,,
4297,諦,,,,
4298,賭,,,,
4299,麺,,,,
4300,頰,,,,
4301,曖,,,,
4302,臆,,,,
4303,鍵,,,,
4304,戴,,,,
4305,瞳,,,,
4306,謎,,,,
4307,鍋,,,,
4308,闇,,,,
4309,瞭,,,,
4310,顎,,,,
4311,鎌,,,,
4312,韓,,,,
4313,藤,,,,
4314,璧,,,,
4315,藍,,,,
4316,艶,,,,
4317,蹴,,,,
4318,麓,,,,
4319,鶴,,,,
4320,籠,,,,
4321,鬱,,,,
4322,刃,,,,
4323,升,,,,
4324,弔,,,,
4325,屯,,,,
4326,厄,,,,
4327,凹,,,,
4328,且,,,,
4329,囚,,,,
4330,汁,,,,
4331,仙,,,,
4332,凸,,,,
4333,尼,,,,
4334,丙,,,,
4335,缶,,,,
4336,江,,,,
4337,充,,,,
4338,迅,,,,
4339,壮,,,,
4340,肌,,,,
4341,妃,,,,
4342,朴,,,,
4343,妄,,,,
4344,亜,,,,
4345,吟,,,,
4346,呉,,,,
4347,肖,,,,
4348,抄,,,,
4349,杉,,,,
4350,妥,,,,
4351,但,,,,
4352,呈,,,,
4353,廷,,,,
4354,忍,,,,
4355,妊,,,,
4356,把,,,,
4357,伯,,,,
4358,扶,,,,
4359,戻,,,,
4360,拐,,,,
4361,劾,,,,
4362,宜,,,,
4363,拒,,,,
4364,享,,,,
4365,茎,,,,
4366,弦,,,,
4367,肯,,,,
4368,昆,,,,
4369,肢,,,,
4370,叔,,,,
4371,尚,,,,
4372,枢,,,,
4373,斉,,,,
4374,析,,,,
4375,拙,,,,
4376,坪,,,,
4377,邸,,,,
4378,泥,,,,
4379,迭,,,,
4380,披,,,,
4381,附,,,,
4382,侮,,,,
4383,沸,,,,
4384,併,,,,
4385,泡,,,,
4386,奔,,,,
4387,抹,,,,
4388,岬,,,,
4389,盲,,,,
4390,枠,,,,
4391,姻,,,,
4392,疫,,,,
4393,垣,,,,
4394,括,,,,
4395,糾,,,,
4396,挟,,,,
4397,洪,,,,
4398,侯,,,,
4399,拷,,,,
4400,砕,,,,
4401,臭,,,,
4402,俊,,,,
4403,叙,,,,
4404,浄,,,,
4405,津,,,,
4406,甚,,,,
4407,帥,,,,
4408,窃,,,,
4409,荘,,,,
4410,衷,,,,
4411,挑,,,,
4412,勅,,,,
4413,亭,,,,
4414,貞,,,,
4415,洞,,,,
4416,柳,,,,
4417,翁,,,,
4418,蚊,,,,
4419,核,,,,
4420,陥,,,,
4421,飢,,,,
4422,恭,,,,
4423,貢,,,,
4424,剛,,,,
4425,唆,,,,
4426,栽,,,,
4427,宰,,,,
4428,索,,,,
4429,桟,,,,
4430,酌,,,,
4431,珠,,,,
4432,准,,,,
4433,殉,,,,
4434,祥,,,,
4435,症,,,,
4436,宵,,,,
4437,娠,,,,
4438,唇,,,,
4439,畝,,,,
4440,逝,,,,
4441,栓,,,,
4442,租,,,,
4443,捜,,,,
4444,挿,,,,
4445,泰,,,,
4446,逐,,,,
4447,秩,,,,
4448,朕,,,,
4449,逓,,,,
4450,浦,,,,
4451,俸,,,,
4452,剖,,,,
4453,紡,,,,
4454,耗,,,,
4455,竜,,,,
4456,倫,,,,
4457,尉,,,,
4458,逸,,,,
4459,涯,,,,
4460,殻,,,,
4461,喝,,,,
4462,渇,,,,
4463,患,,,,
4464,偽,,,,
4465,菌,,,,
4466,蛍,,,,
4467,渓,,,,
4468,斎,,,,
4469,蛇,,,,
4470,渋,,,,
4471,粛,,,,
4472,淑,,,,
4473,庶,,,,
4474,渉,,,,
4475,訟,,,,
4476,剰,,,,
4477,紳,,,,
4478,崇,,,,
4479,据,,,,
4480,旋,,,,
4481,曹,,,,
4482,眺,,,,
4483,釣,,,,
4484,偵,,,,
4485,悼,,,,
4486,軟,,,,
4487,培,,,,
4488,舶,,,,
4489,猫,,,,
4490,瓶,,,,
4491,偏,,,,
4492,堀,,,,
4493,麻,,,,
4494,唯,,,,
4495,悠,,,,
4496,庸,,,,
4497,涼,,,,
4498,累,,,,
4499,渦,,,,
4500,棺,,,,
4501,堪,,,,
4502,款,,,,
4503,閑,,,,
4504,暁,,,,
4505,琴,,,,
4506,隅,,,,
4507,詐,,,,
4508,酢,,,,
4509,傘,,,,
4510,循,,,,
4511,硝,,,,
4512,粧,,,,
4513,詔,,,,
4514,診,,,,
4515,疎,,,,
4516,喪,,,,
4517,堕,,,,
4518,惰,,,,
4519,棚,,,,
4520,塚,,,,
4521,搭,,,,
4522,筒,,,,
4523,棟,,,,
4524,廃,,,,
4525,媒,,,,
4526,扉,,,,
4527,雰,,,,
4528,塀,,,,
4529,遍,,,,
4530,愉,,,,
4531,裕,,,,
4532,猶,,,,
4533,痢,,,,
4534,硫,,,,
4535,塁,,,,
4536,猿,,,,
4537,虞,,,,
4538,禍,,,,
4539,靴,,,,
4540,褐,,,,
4541,寛,,,,
4542,頑,,,,
4543,傑,,,,
4544,嫌,,,,
4545,献,,,,
4546,碁,,,,
4547,溝,,,,
4548,嗣,,,,
4549,酬,,,,
4550,愁,,,,
4551,奨,,,,
4552,睡,,,,
4553,践,,,,
4554,禅,,,,
4555,塑,,,,
4556,痴,,,,
4557,艇,,,,
4558,督,,,,
4559,漠,,,,
4560,鉢,,,,
4561,煩,,,,
4562,頒,,,,
4563,酪,,,,
4564,虜,,,,
4565,鈴,,,,
4566,賄,,,,
4567,寡,,,,
4568,酷,,,,
4569,漆,,,,
4570,遮,,,,
4571,銃,,,,
4572,塾,,,,
4573,緒,,,,
4574,彰,,,,
4575,誓,,,,
4576,漸,,,,
4577,駄,,,,
4578,嫡,,,,
4579,漬,,,,
4580,寧,,,,
4581,閥,,,,
4582,僕,,,,
4583,銘,,,,
4584,僚,,,,
4585,謁,,,,
4586,稼,,,,
4587,窮,,,,
4588,勲,,,,
4589,慶,,,,
4590,賜,,,,
4591,遷,,,,
4592,槽,,,,
4593,徹,,,,
4594,撤,,,,
4595,賠,,,,
4596,罷,,,,
4597,賓,,,,
4598,憤,,,,
4599,幣,,,,
4600,弊,,,,
4601,褒,,,,
4602,撲,,,,
4603,摩,,,,
4604,窯,,,,
4605,履,,,,
4606,寮,,,,
4607,懐,,,,
4608,還,,,,
4609,憾,,,,
4610,薫,,,,
4611,衡,,,,
4612,儒,,,,
4613,壌,,,,
4614,薦,,,,
4615,磨,,,,
4616,諭,,,,
4617,融,,,,
4618,嚇,,,,
4619,轄,,,,
4620,擬,,,,
4621,矯,,,,
4622,謹,,,,
4623,謙,,,,
4624,購,,,,
4625,懇,,,,
4626,爵,,,,
4627,醜,,,,
4628,償,,,,
4629,礁,,,,
4630,繊,,,,
4631,霜,,,,
4632,濯,,,,
4633,謄,,,,
4634,頻,,,,
4635,襟,,,,
4636,顕,,,,
4637,繭,,,,
4638,懲,,,,
4639,癒,,,,
4640,韻,,,,
4641,璽,,,,
4642,藻,,,,
4643,覇,,,,
4644,譜,,,,
4645,羅,,,,
4646,懸,,,,
4647,醸,,,,
4648,騰,,,,
4649,艦,,,,
4650,乙,,,,
4651,又,,,,
4652,了,,,,
4653,斤,,,,
4654,幻,,,,
4655,孔,,,,
4656,冗,,,,
4657,双,,,,
4658,斗,,,,
4659,乏,,,,
4660,甲,,,,
4661,巧,,,,
4662,斥,,,,
4663,企,,,,
4664,吉,,,,
4665,刑,,,,
4666,如,,,,
4667,匠,,,,
4668,伐,,,,
4669,帆,,,,
4670,伏,,,,
4671,吏,,,,
4672,肝,,,,
4673,忌,,,,
4674,坑,,,,
4675,克,,,,
4676,寿,,,,
4677,伸,,,,
4678,辛,,,,
4679,択,,,,
4680,尿,,,,
4681,伴,,,,
4682,芳,,,,
4683,邦,,,,
4684,妨,,,,
4685,没,,,,
4686,抑,,,,
4687,励,,,,
4688,炎,,,,
4689,欧,,,,
4690,殴,,,,
4691,佳,,,,
4692,怪,,,,
4693,岳,,,,
4694,拘,,,,
4695,祉,,,,
4696,侍,,,,
4697,邪,,,,
4698,昇,,,,
4699,炊,,,,
4700,阻,,,,
4701,卓,,,,
4702,抽,,,,
4703,泌,,,,
4704,苗,,,,
4705,奉,,,,
4706,房,,,,
4707,免,,,,
4708,炉,,,,
4709,哀,,,,
4710,卸,,,,
4711,架,,,,
4712,悔,,,,
4713,冠,,,,
4714,軌,,,,
4715,虐,,,,
4716,峡,,,,
4717,契,,,,
4718,弧,,,,
4719,孤,,,,
4720,郊,,,,
4721,恨,,,,
4722,削,,,,
4723,施,,,,
4724,牲,,,,
4725,促,,,,
4726,胎,,,,
4727,怠,,,,
4728,胆,,,,
4729,訂,,,,
4730,帝,,,,
4731,卑,,,,
4732,赴,,,,
4733,封,,,,
4734,胞,,,,
4735,某,,,,
4736,幽,,,,
4737,厘,,,,
4738,悦,,,,
4739,宴,,,,
4740,華,,,,
4741,既,,,,
4742,脅,,,,
4743,倹,,,,
4744,悟,,,,
4745,娯,,,,
4746,疾,,,,
4747,殊,,,,
4748,徐,,,,
4749,辱,,,,
4750,粋,,,,
4751,衰,,,,
4752,隻,,,,
4753,桑,,,,
4754,託,,,,
4755,畜,,,,
4756,哲,,,,
4757,凍,,,,
4758,匿,,,,
4759,畔,,,,
4760,姫,,,,
4761,紛,,,,
4762,倣,,,,
4763,埋,,,,
4764,浪,,,,
4765,郭,,,,
4766,掛,,,,
4767,勘,,,,
4768,貫,,,,
4769,菊,,,,
4770,虚,,,,
4771,偶,,,,
4772,啓,,,,
4773,掲,,,,
4774,控,,,,
4775,紺,,,,
4776,赦,,,,
4777,酔,,,,
4778,惜,,,,
4779,措,,,,
4780,粗,,,,
4781,掃,,,,
4782,逮,,,,
4783,袋,,,,
4784,窒,,,,
4785,彫,,,,
4786,陳,,,,
4787,陶,,,,
4788,豚,,,,
4789,粘,,,,
4790,婆,,,,
4791,排,,,,
4792,陪,,,,
4793,符,,,,
4794,崩,,,,
4795,隆,,,,
4796,猟,,,,
4797,陵,,,,
4798,詠,,,,
4799,敢,,,,
4800,換,,,,
4801,喚,,,,
4802,棋,,,,
4803,欺,,,,
4804,喫,,,,
4805,遇,,,,
4806,雇,,,,
4807,硬,,,,
4808,慌,,,,
4809,絞,,,,
4810,軸,,,,
4811,湿,,,,
4812,晶,,,,
4813,掌,,,,
4814,焦,,,,
4815,遂,,,,
4816,随,,,,
4817,婿,,,,
4818,葬,,,,
4819,超,,,,
4820,痘,,,,
4821,蛮,,,,
4822,募,,,,
4823,揚,,,,
4824,揺,,,,
4825,裂,,,,
4826,廊,,,,
4827,湾,,,,
4828,嫁,,,,
4829,塊,,,,
4830,慨,,,,
4831,該,,,,
4832,隔,,,,
4833,滑,,,,
4834,棄,,,,
4835,愚,,,,
4836,携,,,,
4837,催,,,,
4838,債,,,,
4839,搾,,,,
4840,慈,,,,
4841,摂,,,,
4842,賊,,,,
4843,滞,,,,
4844,滝,,,,
4845,稚,,,,
4846,塗,,,,
4847,飽,,,,
4848,滅,,,,
4849,裸,,,,
4850,零,,,,
4851,楼,,,,
4852,概,,,,
4853,綱,,,,
4854,酵,,,,
4855,獄,,,,
4856,魂,,,,
4857,遭,,,,
4858,憎,,,,
4859,奪,,,,
4860,碑,,,,
4861,漂,,,,
4862,慕,,,,
4863,墨,,,,
4864,膜,,,,
4865,誘,,,,
4866,漏,,,,
4867,慰,,,,
4868,閲,,,,
4869,餓,,,,
4870,緩,,,,
4871,緊,,,,
4872,撮,,,,
4873,暫,,,,
4874,潤,,,,
4875,遵,,,,
4876,衝,,,,
4877,嘱,,,,
4878,審,,,,
4879,穂,,,,
4880,請,,,,
4881,潜,,,,
4882,諾,,,,
4883,駐,,,,
4884,鋳,,,,
4885,墜,,,,
4886,締,,,,
4887,墳,,,,
4888,魅,,,,
4889,憂,,,,
4890,霊,,,,
4891,穏,,,,
4892,凝,,,,
4893,憩,,,,
4894,賢,,,,
4895,墾,,,,
4896,錯,,,,
4897,諮,,,,
4898,錠,,,,
4899,嬢,,,,
4900,壇,,,,
4901,篤,,,,
4902,縛,,,,
4903,縫,,,,
4904,謀,,,,
4905,膨,,,,
4906,擁,,,,
4907,錬,,,,
4908,犠,,,,
4909,擦,,,,
4910,鍛,,,,
4911,聴,,,,
4912,穫,,,,
4913,騎,,,,
4914,繕,,,,
4915,礎,,,,
4916,鎮,,,,
4917,藩,,,,
4918,覆,,,,
4919,癖,,,,
4920,翻,,,,
4921,濫,,,,
4922,糧,,,,
4923,鶏,,,,
4924,鯨,,,,
4925,髄,,,,
4926,瀬,,,,
4927,簿,,,,
4928,鐘,,,,
4929,譲,,,,
4930,籍,,,,
4931,顧,,,,
4932,魔,,,,
4933,及,,,,
4934,丈,,,,
4935,凡,,,,
4936,与,,,,
4937,介,,,,
4938,刈,,,,
4939,凶,,,,
4940,互,,,,
4941,丹,,,,
4942,匹,,,,
4943,甘,,,,
4944,丘,,,,
4945,巨,,,,
4946,玄,,,,
4947,込,,,,
4948,召,,,,
4949,占,,,,
4950,奴,,,,
4951,払,,,,
4952,矛,,,,
4953,扱,,,,
4954,芋,,,,
4955,汚,,,,
4956,汗,,,,
4957,朽,,,,
4958,叫,,,,
4959,仰,,,,
4960,旨,,,,
4961,芝,,,,
4962,朱,,,,
4963,舟,,,,
4964,巡,,,,
4965,旬,,,,
4966,尽,,,,
4967,吐,,,,
4968,弐,,,,
4969,忙,,,,
4970,劣,,,,
4971,壱,,,,
4972,戒,,,,
4973,含,,,,
4974,却,,,,
4975,狂,,,,
4976,迎,,,,
4977,更,,,,
4978,抗,,,,
4979,攻,,,,
4980,伺,,,,
4981,秀,,,,
4982,床,,,,
4983,吹,,,,
4984,即,,,,
4985,沢,,,,
4986,沈,,,,
4987,抜,,,,
4988,尾,,,,
4989,坊,,,,
4990,妙,,,,
4991,依,,,,
4992,押,,,,
4993,奇,,,,
4994,祈,,,,
4995,拠,,,,
4996,況,,,,
4997,屈,,,,
4998,肩,,,,
4999,刺,,,,
5000,沼,,,,
5001,征,,,,
5002,姓,,,,
5003,拓,,,,
5004,抵,,,,
5005,到,,,,
5006,突,,,,
5007,杯,,,,
5008,泊,,,,
5009,拍,,,,
5010,迫,,,,
5011,彼,,,,
5012,怖,,,,
5013,抱,,,,
5014,肪,,,,
5015,茂,,,,
5016,威,,,,
5017,為,,,,
5018,皆,,,,
5019,狭,,,,
5020,枯,,,,
5021,荒,,,,
5022,恒,,,,
5023,咲,,,,
5024,狩,,,,
5025,柔,,,,
5026,盾,,,,
5027,侵,,,,
5028,是,,,,
5029,俗,,,,
5030,耐,,,,
5031,珍,,,,
5032,怒,,,,
5033,逃,,,,
5034,峠,,,,
5035,柄,,,,
5036,冒,,,,
5037,盆,,,,
5038,郎,,,,
5039,鬼,,,,
5040,恐,,,,
5041,恵,,,,
5042,兼,,,,
5043,軒,,,,
5044,剣,,,,
5045,剤,,,,
5046,脂,,,,
5047,称,,,,
5048,浸,,,,
5049,振,,,,
5050,陣,,,,
5051,扇,,,,
5052,恥,,,,
5053,致,,,,
5054,途,,,,
5055,透,,,,
5056,唐,,,,
5057,桃,,,,
5058,倒,,,,
5059,胴,,,,
5060,悩,,,,
5061,般,,,,
5062,被,,,,
5063,疲,,,,
5064,浜,,,,
5065,敏,,,,
5066,浮,,,,
5067,捕,,,,
5068,峰,,,,
5069,砲,,,,
5070,眠,,,,
5071,娘,,,,
5072,紋,,,,
5073,涙,,,,
5074,烈,,,,
5075,恋,,,,
5076,陰,,,,
5077,菓,,,,
5078,乾,,,,
5079,脚,,,,
5080,掘,,,,
5081,婚,,,,
5082,彩,,,,
5083,惨,,,,
5084,執,,,,
5085,斜,,,,
5086,釈,,,,
5087,寂,,,,
5088,紹,,,,
5089,脱,,,,
5090,淡,,,,
5091,添,,,,
5092,盗,,,,
5093,販,,,,
5094,描,,,,
5095,猛,,,,
5096,粒,,,,
5097,握,,,,
5098,偉,,,,
5099,越,,,,
5100,援,,,,
5101,奥,,,,
5102,幾,,,,
5103,距,,,,
5104,御,,,,
5105,堅,,,,
5106,圏,,,,
5107,項,,,,
5108,紫,,,,
5109,煮,,,,
5110,畳,,,,
5111,殖,,,,
5112,尋,,,,
5113,訴,,,,
5114,替,,,,
5115,弾,,,,
5116,遅,,,,
5117,堤,,,,
5118,渡,,,,
5119,塔,,,,
5120,鈍,,,,
5121,普,,,,
5122,幅,,,,
5123,傍,,,,
5124,帽,,,,
5125,雄,,,,
5126,絡,,,,
5127,惑,,,,
5128,腕,,,,
5129,違,,,,
5130,煙,,,,
5131,鉛,,,,
5132,暇,,,,
5133,雅,,,,
5134,較,,,,
5135,勧,,,,
5136,詰,,,,
5137,傾,,,,
5138,遣,,,,
5139,誇,,,,
5140,鼓,,,,
5141,継,,,,
5142,歳,,,,
5143,載,,,,
5144,詳,,,,
5145,飾,,,,
5146,触,,,,
5147,慎,,,,
5148,寝,,,,
5149,跡,,,,
5150,僧,,,,
5151,嘆,,,,
5152,蓄,,,,
5153,跳,,,,
5154,殿,,,,
5155,搬,,,,
5156,微,,,,
5157,誉,,,,
5158,腰,,,,
5159,溶,,,,
5160,雷,,,,
5161,維,,,,
5162,隠,,,,
5163,箇,,,,
5164,駆,,,,
5165,豪,,,,
5166,雌,,,,
5167,需,,,,
5168,端,,,,
5169,徴,,,,
5170,摘,,,,
5171,滴,,,,
5172,稲,,,,
5173,髪,,,,
5174,罰,,,,
5175,腐,,,,
5176,漫,,,,
5177,慢,,,,
5178,網,,,,
5179,踊,,,,
5180,暦,,,,
5181,鋭,,,,
5182,影,,,,
5183,縁,,,,
5184,監,,,,
5185,歓,,,,
5186,輝,,,,
5187,儀,,,,
5188,戯,,,,
5189,撃,,,,
5190,稿,,,,
5191,趣,,,,
5192,震,,,,
5193,澄,,,,
5194,踏,,,,
5195,輩,,,,
5196,範,,,,
5197,盤,,,,
5198,膚,,,,
5199,敷,,,,
5200,賦,,,,
5201,舞,,,,
5202,噴,,,,
5203,舗,,,,
5204,黙,,,,
5205,慮,,,,
5206,緯,,,,
5207,憶,,,,
5208,壊,,,,
5209,獲,,,,
5210,獣,,,,
5211,薪,,,,
5212,濁,,,,
5213,曇,,,,
5214,濃,,,,
5215,薄,,,,
5216,繁,,,,
5217,避,,,,
5218,壁,,,,
5219,謡,,,,
5220,頼,,,,
5221,隣,,,,
5222,隷,,,,
5223,環,,,,
5224,鮮,,,,
5225,燥,,,,
5226,翼,,,,
5227,療,,,,
5228,齢,,,,
5229,鎖,,,,
5230,瞬,,,,
5231,騒,,,,
5232,贈,,,,
5233,闘,,,,
5234,離,,,,
5235,繰,,,,
5236,爆,,,,
5237,霧,,,,
5238,麗,,,,
5239,響,,,,
5240,欄,,,,
5241,躍,,,,
5242,露,,,,
5243,驚,,,,
5244,襲,,,,
5245,鑑,,,,
5246,干,,,,
5247,己,,,,
5248,寸,,,,
5249,亡,,,,
5250,尺,,,,
5251,収,,,,
5252,仁,,,,
5253,片,,,,
5254,穴,,,,
5255,冊,,,,
5256,処,,,,
5257,庁,,,,
5258,幼,,,,
5259,舌,,,,
5260,宇,,,,
5261,灰,,,,
5262,危,,,,
5263,机,,,,
5264,吸,,,,
5265,后,,,,
5266,至,,,,
5267,存,,,,
5268,宅,,,,
5269,我,,,,
5270,系,,,,
5271,孝,,,,
5272,困,,,,
5273,私,,,,
5274,否,,,,
5275,批,,,,
5276,忘,,,,
5277,卵,,,,
5278,乱,,,,
5279,券,,,,
5280,承,,,,
5281,沿,,,,
5282,延,,,,
5283,拡,,,,
5284,供,,,,
5285,呼,,,,
5286,刻,,,,
5287,若,,,,
5288,宗,,,,
5289,垂,,,,
5290,担,,,,
5291,宙,,,,
5292,忠,,,,
5293,届,,,,
5294,乳,,,,
5295,拝,,,,
5296,並,,,,
5297,宝,,,,
5298,枚,,,,
5299,胃,,,,
5300,律,,,,
5301,退,,,,
5302,映,,,,
5303,革,,,,
5304,看,,,,
5305,巻,,,,
5306,皇,,,,
5307,紅,,,,
5308,砂,,,,
5309,姿,,,,
5310,専,,,,
5311,宣,,,,
5312,染,,,,
5313,泉,,,,
5314,洗,,,,
5315,奏,,,,
5316,段,,,,
5317,派,,,,
5318,肺,,,,
5319,背,,,,
5320,恩,,,,
5321,俵,,,,
5322,株,,,,
5323,胸,,,,
5324,降,,,,
5325,骨,,,,
5326,座,,,,
5327,蚕,,,,
5328,射,,,,
5329,従,,,,
5330,純,,,,
5331,除,,,,
5332,将,,,,
5333,針,,,,
5334,値,,,,
5335,展,,,,
5336,党,,,,
5337,討,,,,
5338,納,,,,
5339,俳,,,,
5340,班,,,,
5341,秘,,,,
5342,陛,,,,
5343,朗,,,,
5344,異,,,,
5345,域,,,,
5346,郷,,,,
5347,済,,,,
5348,視,,,,
5349,捨,,,,
5350,推,,,,
5351,盛,,,,
5352,窓,,,,
5353,探,,,,
5354,著,,,,
5355,頂,,,,
5356,脳,,,,
5357,閉,,,,
5358,訪,,,,
5359,密,,,,
5360,訳,,,,
5361,郵,,,,
5362,翌,,,,
5363,欲,,,,
5364,割,,,,
5365,揮,,,,
5366,貴,,,,
5367,筋,,,,
5368,勤,,,,
5369,敬,,,,
5370,裁,,,,
5371,策,,,,
5372,詞,,,,
5373,衆,,,,
5374,就,,,,
5375,善,,,,
5376,装,,,,
5377,創,,,,
5378,尊,,,,
5379,痛,,,,
5380,晩,,,,
5381,補,,,,
5382,棒,,,,
5383,腸,,,,
5384,預,,,,
5385,絹,,,,
5386,源,,,,
5387,署,,,,
5388,傷,,,,
5389,蒸,,,,
5390,誠,,,,
5391,聖,,,,
5392,暖,,,,
5393,賃,,,,
5394,腹,,,,
5395,幕,,,,
5396,盟,,,,
5397,裏,,,,
5398,銭,,,,
5399,閣,,,,
5400,疑,,,,
5401,誤,,,,
5402,穀,,,,
5403,誌,,,,
5404,磁,,,,
5405,障,,,,
5406,層,,,,
5407,認,,,,
5408,暮,,,,
5409,模,,,,
5410,敵,,,,
5411,遺,,,,
5412,劇,,,,
5413,権,,,,
5414,熟,,,,
5415,諸,,,,
5416,蔵,,,,
5417,誕,,,,
5418,潮,,,,
5419,論,,,,
5420,激,,,,
5421,憲,,,,
5422,鋼,,,,
5423,樹,,,,
5424,縦,,,,
5425,操,,,,
5426,糖,,,,
5427,奮,,,,
5428,厳,,,,
5429,縮,,,,
5430,優,,,,
5431,覧,,,,
5432,簡,,,,
5433,難,,,,
5434,臨,,,,
5435,警,,,,
5436,臓,,,,
5437,士,,,,
5438,久,,,,
5439,支,,,,
5440,比,,,,
5441,仏,,,,
5442,史,,,,
5443,圧,,,,
5444,永,,,,
5445,可,,,,
5446,刊,,,,
5447,旧,,,,
5448,句,,,,
5449,示,,,,
5450,犯,,,,
5451,布,,,,
5452,弁,,,,
5453,因,,,,
5454,仮,,,,
5455,件,,,,
5456,再,,,,
5457,在,,,,
5458,団,,,,
5459,任,,,,
5460,囲,,,,
5461,告,,,,
5462,応,,,,
5463,快,,,,
5464,技,,,,
5465,均,,,,
5466,災,,,,
5467,志,,,,
5468,似,,,,
5469,序,,,,
5470,状,,,,
5471,条,,,,
5472,判,,,,
5473,防,,,,
5474,余,,,,
5475,毒,,,,
5476,易,,,,
5477,往,,,,
5478,価,,,,
5479,河,,,,
5480,居,,,,
5481,効,,,,
5482,妻,,,,
5483,枝,,,,
5484,舎,,,,
5485,述,,,,
5486,招,,,,
5487,性,,,,
5488,制,,,,
5489,版,,,,
5490,肥,,,,
5491,非,,,,
5492,武,,,,
5493,紀,,,,
5494,型,,,,
5495,逆,,,,
5496,限,,,,
5497,故,,,,
5498,厚,,,,
5499,査,,,,
5500,政,,,,
5501,祖,,,,
5502,則,,,,
5503,独,,,,
5504,保,,,,
5505,迷,,,,
5506,航,,,,
5507,殺,,,,
5508,粉,,,,
5509,脈,,,,
5510,益,,,,
5511,桜,,,,
5512,格,,,,
5513,個,,,,
5514,耕,,,,
5515,財,,,,
5516,師,,,,
5517,修,,,,
5518,素,,,,
5519,造,,,,
5520,能,,,,
5521,破,,,,
5522,容,,,,
5523,留,,,,
5524,救,,,,
5525,停,,,,
5526,堂,,,,
5527,得,,,,
5528,移,,,,
5529,液,,,,
5530,眼,,,,
5531,規,,,,
5532,基,,,,
5533,寄,,,,
5534,許,,,,
5535,経,,,,
5536,険,,,,
5537,現,,,,
5538,混,,,,
5539,採,,,,
5540,授,,,,
5541,術,,,,
5542,常,,,,
5543,情,,,,
5544,責,,,,
5545,設,,,,
5546,接,,,,
5547,断,,,,
5548,張,,,,
5549,貧,,,,
5550,婦,,,,
5551,務,,,,
5552,率,,,,
5553,略,,,,
5554,喜,,,,
5555,象,,,,
5556,貯,,,,
5557,費,,,,
5558,営,,,,
5559,過,,,,
5560,検,,,,
5561,減,,,,
5562,証,,,,
5563,税,,,,
5564,絶,,,,
5565,測,,,,
5566,属,,,,
5567,貸,,,,
5568,程,,,,
5569,提,,,,
5570,統,,,,
5571,備,,,,
5572,評,,,,
5573,復,,,,
5574,報,,,,
5575,貿,,,,
5576,解,,,,
5577,幹,,,,
5578,義,,,,
5579,禁,,,,
5580,鉱,,,,
5581,罪,,,,
5582,資,,,,
5583,飼,,,,
5584,準,,,,
5585,勢,,,,
5586,損,,,,
5587,墓,,,,
5588,豊,,,,
5589,夢,,,,
5590,歴,,,,
5591,演,,,,
5592,慣,,,,
5593,境,,,,
5594,構,,,,
5595,際,,,,
5596,雑,,,,
5597,酸,,,,
5598,製,,,,
5599,精,,,,
5600,総,,,,
5601,増,,,,
5602,像,,,,
5603,態,,,,
5604,適,,,,
5605,銅,,,,
5606,複,,,,
5607,綿,,,,
5608,領,,,,
5609,賞,,,,
5610,確,,,,
5611,潔,,,,
5612,賛,,,,
5613,質,,,,
5614,導,,,,
5615,編,,,,
5616,暴,,,,
5617,衛,,,,
5618,興,,,,
5619,築,,,,
5620,燃,,,,
5621,輸,,,,
5622,講,,,,
5623,謝,,,,
5624,績,,,,
5625,額,,,,
5626,職,,,,
5627,織,,,,
5628,識,,,,
5629,護,,,,
5630,欠,,,,
5631,氏,,,,
5632,不,,,,
5633,夫,,,,
5634,井,,,,
5635,以,,,,
5636,加,,,,
5637,功,,,,
5638,札,,,,
5639,司,,,,
5640,失,,,,
5641,必,,,,
5642,付,,,,
5643,辺,,,,
5644,包,,,,
5645,末,,,,
5646,未,,,,
5647,民,,,,
5648,令,,,,
5649,衣,,,,
5650,印,,,,
5651,各,,,,
5652,共,,,,
5653,好,,,,
5654,成,,,,
5655,争,,,,
5656,仲,,,,
5657,兆,,,,
5658,伝,,,,
5659,灯,,,,
5660,老,,,,
5661,位,,,,
5662,改,,,,
5663,完,,,,
5664,希,,,,
5665,求,,,,
5666,芸,,,,
5667,材,,,,
5668,児,,,,
5669,初,,,,
5670,臣,,,,
5671,折,,,,
5672,束,,,,
5673,低,,,,
5674,努,,,,
5675,兵,,,,
5676,別,,,,
5677,利,,,,
5678,良,,,,
5679,冷,,,,
5680,労,,,,
5681,沖,,,,
5682,岐,,,,
5683,佐,,,,
5684,阪,,,,
5685,英,,,,
5686,果,,,,
5687,芽,,,,
5688,官,,,,
5689,季,,,,
5690,泣,,,,
5691,協,,,,
5692,径,,,,
5693,固,,,,
5694,刷,,,,
5695,参,,,,
5696,治,,,,
5697,周,,,,
5698,松,,,,
5699,卒,,,,
5700,底,,,,
5701,的,,,,
5702,典,,,,
5703,念,,,,
5704,府,,,,
5705,法,,,,
5706,牧,,,,
5707,例,,,,
5708,岡,,,,
5709,奈,,,,
5710,阜,,,,
5711,栄,,,,
5712,軍,,,,
5713,建,,,,
5714,昨,,,,
5715,祝,,,,
5716,省,,,,
5717,信,,,,
5718,浅,,,,
5719,単,,,,
5720,飛,,,,
5721,変,,,,
5722,便,,,,
5723,約,,,,
5724,勇,,,,
5725,要,,,,
5726,城,,,,
5727,香,,,,
5728,茨,,,,
5729,栃,,,,
5730,案,,,,
5731,害,,,,
5732,挙,,,,
5733,訓,,,,
5734,郡,,,,
5735,候,,,,
5736,差,,,,
5737,残,,,,
5738,借,,,,
5739,笑,,,,
5740,席,,,,
5741,倉,,,,
5742,孫,,,,
5743,帯,,,,
5744,徒,,,,
5745,特,,,,
5746,梅,,,,
5747,浴,,,,
5748,料,,,,
5749,連,,,,
5750,貨,,,,
5751,械,,,,
5752,健,,,,
5753,康,,,,
5754,菜,,,,
5755,産,,,,
5756,唱,,,,
5757,清,,,,
5758,巣,,,,
5759,側,,,,
5760,敗,,,,
5761,票,,,,
5762,副,,,,
5763,望,,,,
5764,陸,,,,
5765,崎,,,,
5766,埼,,,,
5767,鹿,,,,
5768,梨,,,,
5769,街,,,,
5770,覚,,,,
5771,給,,,,
5772,極,,,,
5773,景,,,,
5774,結,,,,
5775,最,,,,
5776,散,,,,
5777,順,,,,
5778,焼,,,,
5779,隊,,,,
5780,達,,,,
5781,然,,,,
5782,博,,,,
5783,飯,,,,
5784,無,,,,
5785,満,,,,
5786,量,,,,
5787,賀,,,,
5788,富,,,,
5789,滋,,,,
5790,媛,,,,
5791,愛,,,,
5792,塩,,,,
5793,試,,,,
5794,辞,,,,
5795,照,,,,
5796,節,,,,
5797,戦,,,,
5798,続,,,,
5799,置,,,,
5800,働,,,,
5801,群,,,,
5802,関,,,,
5803,管,,,,
5804,旗,,,,
5805,察,,,,
5806,種,,,,
5807,静,,,,
5808,説,,,,
5809,漁,,,,
5810,徳,,,,
5811,熊,,,,
5812,億,,,,
5813,課,,,,
5814,器,,,,
5815,選,,,,
5816,熱,,,,
5817,標,,,,
5818,養,,,,
5819,輪,,,,
5820,潟,,,,
5821,縄,,,,
5822,機,,,,
5823,積,,,,
5824,録,,,,
5825,観,,,,
5826,験,,,,
5827,類,,,,
5828,願,,,,
5829,鏡,,,,
5830,議,,,,
5831,競,,,,
5832,丁,,,,
5833,区,,,,
5834,化,,,,
5835,反,,,,
5836,予,,,,
5837,央,,,,
5838,去,,,,
5839,号,,,,
5840,皿,,,,
5841,仕,,,,
5842,写,,,,
5843,主,,,,
5844,申,,,,
5845,世,,,,
5846,他,,,,
5847,打,,,,
5848,代,,,,
5849,皮,,,,
5850,氷,,,,
5851,平,,,,
5852,由,,,,
5853,礼,,,,
5854,安,,,,
5855,曲,,,,
5856,血,,,,
5857,向,,,,
5858,死,,,,
5859,次,,,,
5860,式,,,,
5861,守,,,,
5862,州,,,,
5863,全,,,,
5864,有,,,,
5865,羊,,,,
5866,両,,,,
5867,列,,,,
5868,医,,,,
5869,究,,,,
5870,局,,,,
5871,君,,,,
5872,決,,,,
5873,住,,,,
5874,助,,,,
5875,身,,,,
5876,対,,,,
5877,投,,,,
5878,豆,,,,
5879,坂,,,,
5880,返,,,,
5881,役,,,,
5882,委,,,,
5883,育,,,,
5884,泳,,,,
5885,岸,,,,
5886,苦,,,,
5887,具,,,,
5888,幸,,,,
5889,始,,,,
5890,使,,,,
5891,事,,,,
5892,実,,,,
5893,者,,,,
5894,昔,,,,
5895,取,,,,
5896,受,,,,
5897,所,,,,
5898,注,,,,
5899,定,,,,
5900,波,,,,
5901,板,,,,
5902,表,,,,
5903,服,,,,
5904,物,,,,
5905,放,,,,
5906,味,,,,
5907,命,,,,
5908,油,,,,
5909,和,,,,
5910,屋,,,,
5911,界,,,,
5912,客,,,,
5913,急,,,,
5914,級,,,,
5915,係,,,,
5916,県,,,,
5917,研,,,,
5918,指,,,,
5919,持,,,,
5920,拾,,,,
5921,重,,,,
5922,昭,,,,
5923,乗,,,,
5924,神,,,,
5925,相,,,,
5926,送,,,,
5927,待,,,,
5928,炭,,,,
5929,柱,,,,
5930,追,,,,
5931,度,,,,
5932,畑,,,,
5933,発,,,,
5934,美,,,,
5935,秒,,,,
5936,品,,,,
5937,負,,,,
5938,面,,,,
5939,洋,,,,
5940,院,,,,
5941,員,,,,
5942,荷,,,,
5943,起,,,,
5944,宮,,,,
5945,庫,,,,
5946,根,,,,
5947,酒,,,,
5948,消,,,,
5949,真,,,,
5950,息,,,,
5951,速,,,,
5952,庭,,,,
5953,島,,,,
5954,配,,,,
5955,倍,,,,
5956,病,,,,
5957,勉,,,,
5958,旅,,,,
5959,流,,,,
5960,悪,,,,
5961,球,,,,
5962,祭,,,,
5963,習,,,,
5964,終,,,,
5965,宿,,,,
5966,章,,,,
5967,商,,,,
5968,進,,,,
5969,深,,,,
5970,族,,,,
5971,第,,,,
5972,帳,,,,
5973,笛,,,,
5974,転,,,,
5975,都,,,,
5976,動,,,,
5977,部,,,,
5978,問,,,,
5979,飲,,,,
5980,運,,,,
5981,温,,,,
5982,開,,,,
5983,階,,,,
5984,寒,,,,
5985,期,,,,
5986,軽,,,,
5987,湖,,,,
5988,港,,,,
5989,歯,,,,
5990,集,,,,
5991,暑,,,,
5992,勝,,,,
5993,植,,,,
5994,短,,,,
5995,着,,,,
5996,等,,,,
5997,登,,,,
5998,湯,,,,
5999,童,,,,
6000,悲,,,,
6001,筆,,,,
6002,遊,,,,
6003,葉,,,,
6004,陽,,,,
6005,落,,,,
6006,暗,,,,
6007,意,,,,
6008,感,,,,
6009,漢,,,,
6010,業,,,,
6011,詩,,,,
6012,想,,,,
6013,鉄,,,,
6014,農,,,,
6015,福,,,,
6016,路,,,,
6017,駅,,,,
6018,銀,,,,
6019,鼻,,,,
6020,様,,,,
6021,緑,,,,
6022,練,,,,
6023,横,,,,
6024,談,,,,
6025,調,,,,
6026,箱,,,,
6027,館,,,,
6028,橋,,,,
6029,整,,,,
6030,薬,,,,
6031,題,,,,
6032,刀,,,,
6033,丸,,,,
6034,弓,,,,
6035,工,,,,
6036,才,,,,
6037,万,,,,
6038,引,,,,
6039,牛,,,,
6040,今,,,,
6041,元,,,,
6042,戸,,,,
6043,午,,,,
6044,公,,,,
6045,止,,,,
6046,少,,,,
6047,心,,,,
6048,切,,,,
6049,太,,,,
6050,内,,,,
6051,父,,,,
6052,分,,,,
6053,方,,,,
6054,毛,,,,
6055,友,,,,
6056,外,,,,
6057,兄,,,,
6058,古,,,,
6059,広,,,,
6060,矢,,,,
6061,市,,,,
6062,台,,,,
6063,冬,,,,
6064,半,,,,
6065,母,,,,
6066,北,,,,
6067,用,,,,
6068,羽,,,,
6069,会,,,,
6070,回,,,,
6071,交,,,,
6072,光,,,,
6073,考,,,,
6074,行,,,,
6075,合,,,,
6076,寺,,,,
6077,自,,,,
6078,色,,,,
6079,西,,,,
6080,多,,,,
6081,池,,,,
6082,地,,,,
6083,当,,,,
6084,同,,,,
6085,肉,,,,
6086,米,,,,
6087,毎,,,,
6088,何,,,,
6089,角,,,,
6090,汽,,,,
6091,近,,,,
6092,形,,,,
6093,言,,,,
6094,谷,,,,
6095,作,,,,
6096,社,,,,
6097,図,,,,
6098,声,,,,
6099,走,,,,
6100,体,,,,
6101,弟,,,,
6102,売,,,,
6103,麦,,,,
6104,来,,,,
6105,里,,,,
6106,画,,,,
6107,岩,,,,
6108,京,,,,
6109,国,,,,
6110,姉,,,,
6111,知,,,,
6112,長,,,,
6113,直,,,,
6114,店,,,,
6115,東,,,,
6116,歩,,,,
6117,妹,,,,
6118,明,,,,
6119,門,,,,
6120,夜,,,,
6121,科,,,,
6122,海,,,,
6123,活,,,,
6124,計,,,,
6125,後,,,,
6126,室,,,,
6127,首,,,,
6128,秋,,,,
6129,春,,,,
6130,食,,,,
6131,星,,,,
6132,前,,,,
6133,茶,,,,
6134,昼,,,,
6135,点,,,,
6136,南,,,,
6137,風,,,,
6138,思,,,,
6139,家,,,,
6140,夏,,,,
6141,記,,,,
6142,帰,,,,
6143,原,,,,
6144,高,,,,
6145,紙,,,,
6146,時,,,,
6147,弱,,,,
6148,書,,,,
6149,通,,,,
6150,馬,,,,
6151,魚,,,,
6152,教,,,,
6153,強,,,,
6154,黄,,,,
6155,黒,,,,
6156,細,,,,
6157,週,,,,
6158,雪,,,,
6159,船,,,,
6160,組,,,,
6161,鳥,,,,
6162,野,,,,
6163,理,,,,
6164,雲,,,,
6165,絵,,,,
6166,間,,,,
6167,場,,,,
6168,晴,,,,
6169,朝,,,,
6170,答,,,,
6171,道,,,,
6172,買,,,,
6173,番,,,,
6174,遠,,,,
6175,園,,,,
6176,楽,,,,
6177,新,,,,
6178,数,,,,
6179,電,,,,
6180,話,,,,
6181,歌,,,,
6182,語,,,,
6183,算,,,,
6184,読,,,,
6185,聞,,,,
6186,鳴,,,,
6187,線,,,,
6188,親,,,,
6189,頭,,,,
6190,顔,,,,
6191,曜,,,,
6192,一,,,,
6193,七,,,,
6194,十,,,,
6195,人,,,,
6196,九,,,,
6197,二,,,,
6198,八,,,,
6199,力,,,,
6200,入,,,,
6201,川,,,,
6202,山,,,,
6203,三,,,,
6204,小,,,,
6205,上,,,,
6206,女,,,,
6207,口,,,,
6208,夕,,,,
6209,千,,,,
6210,下,,,,
6211,大,,,,
6212,子,,,,
6213,土,,,,
6214,水,,,,
6215,手,,,,
6216,六,,,,
6217,文,,,,
6218,中,,,,
6219,天,,,,
6220,木,,,,
6221,日,,,,
6222,火,,,,
6223,月,,,,
6224,犬,,,,
6225,王,,,,
6226,五,,,,
6227,円,,,,
6228,生,,,,
6229,白,,,,
6230,本,,,,
6231,石,,,,
6232,目,,,,
6233,右,,,,
6234,立,,,,
6235,正,,,,
6236,左,,,,
6237,四,,,,
6238,出,,,,
6239,玉,,,,
6240,田,,,,
6241,耳,,,,
6242,年,,,,
6243,虫,,,,
6244,竹,,,,
6245,休,,,,
6246,気,,,,
6247,百,,,,
6248,早,,,,
6249,先,,,,
6250,名,,,,
6251,糸,,,,
6252,字,,,,
6253,花,,,,
6254,車,,,,
6255,貝,,,,
6256,町,,,,
6257,男,,,,
6258,村,,,,
6259,足,,,,
6260,見,,,,
6261,赤,,,,
6262,学,,,,
6263,空,,,,
6264,青,,,,
6265,雨,,,,
6266,金,,,,
6267,林,,,,
6268,草,,,,
6269,音,,,,
6270,校,,,,
6271,森,,,,
